Кошки,+88029264576
Норма,8805-630-71-19
Евгений Онегин,8-(802)-235-30-28
Вестсайдская история,8-803-151-78-95
Дон Кихот,8-802-311-48-72
Лебединое озеро,8-801-381-84-56
Спящая красавица,+88036876474
Дон Кихот,8-(805)-971-42-47
Нотр-Дам де Пари,8-806-2728229
Баядерка,88058711578
Жизель,8803-988-33-53
Свадьба Фигаро,8-804-889-54-58
Дон Кихот,8-(806)-554-75-46
Щелкунчик,88022176149
Ромео и Джульетта,8-803-2865364
Свадьба Фигаро,8802-997-39-02
Спящая красавица,8-806-744-12-98
Свадьба Фигаро,8-802-574-25-36
Ночь перед Рождеством,+8803tonight
Норма,88046533269
Ла-Ла Ленд,8-(807)-647-34-21
Юнона и Авось,8-(803)-325-23-19
Евгений Онегин,88015459682
Волшебная флейта,88059561910
Норма,+88022602349
Юнона и Авось,8-806-6654374
Кошки,8-(803)-608-10-05
Ночь перед Рождеством,8-803-7755611
Todd,+88076473421
Юнона и Авось,8-(806)-756-28-61
Евгений Онегин,8802-963-38-77
Волшебная флейта,8-(802)-327-46-31
Севильский цирюльник,8-804-6971625
Ла-Ла Ленд,88077066631
Баядерка,8-801-7906921
Ла-Ла Ленд,8-801-1996769
Ромео и Джульетта,8-802-5276061
Дон Кихот,8806-470-41-55
Дон Кихот,88046971625
Дон Кихот,8-803-975-94-02
Лебединое озеро,8-805-9882542
Свадьба Фигаро,8807-920-08-30
Todd,8-807-9556423
Свадьба Фигаро,8-807-438-07-69
Норма,88021197775
Норма,+88038375249
Todd,+88029882769
Кошки,8803-536-02-27
Свадьба Фигаро,8-(803)-868-77-34
Лебединое озеро,88053647207
Норма,+8806dollars
Норма,88049513310
Спартак,+88058394928
Норма,8-(803)-566-60-52
Ночь перед Рождеством,+88023371925
Спартак,+88071940930
Щелкунчик,+88074463090
Кошки,8-(806)-409-32-50
Дон Кихот,8-(801)-588-29-16
Риголетто,8801-690-91-02
Вестсайдская история,8-(804)-620-04-24
Жизель,8-802-796-72-34
Риголетто,8-(806)-670-40-88
Риголетто,8-(806)-846-78-66
Спартак,8-802-9467875
Ла-Ла Ленд,88013175928
Кармен,8-803-8394646
Дон Кихот,8-804-230-37-47
Кошки,+88062954285
Травиата,+88029403715
Щелкунчик,8-(807)-437-40-70
Спящая красавица,+88017601144
Кармен,8-(807)-471-72-47
Ночь перед Рождеством,8-807-5165709
Юнона и Авось,8-802-7998626
Жизель,8-801-527-96-90
Волшебная флейта,8-802-338-41-50
Норма,8801-704-99-13
Юнона и Авось,8-(803)-653-98-68
Кармен,8-803-6673718
Евгений Онегин,8-802-8014545
Ла-Ла Ленд,+88027394415
Севильский цирюльник,8-802-9403715
Щелкунчик,+88014357805
Кармен,+88079633262
Чикаго,8-806-835-68-66
Норма,8-807-825-24-61
Норма,8-805-161-16-92
Ла-Ла Ленд,8-(801)-903-71-83
Свадьба Фигаро,88038687734
Кармен,+88073566930
Свадьба Фигаро,8-803-6269605
Севильский цирюльник,8-(801)-245-56-96
Спартак,+88036171353
Дон Кихот,8-(804)-225-66-29
Ромео и Джульетта,8804-186-49-39
Дон Кихот,8-807-516-57-09
Спартак,8-804-3945538
Вестсайдская история,8-(802)-401-93-94
Todd,8806-489-88-92
Ла-Ла Ленд,8804-826-76-00
Кошки,88031513845
Лебединое озеро,8-801-726-65-73
Ночь перед Рождеством,8803-375-47-40
Кошки,88045300590
Кошки,8804-471-71-43
Кошки,8804-225-66-29
Норма,8-(807)-670-63-55
Севильский цирюльник,88012024333
Баядерка,8-(807)-770-84-69
Евгений Онегин,8-803-1513845
Кошки,88076179930
Вестсайдская история,+88057890174
Ночь перед Рождеством,+88051586766
Волшебная флейта,8-(804)-278-42-43
Спартак,+88064871765
Ночь перед Рождеством,8-804-4958230
Волшебная флейта,8-(807)-401-57-03
Жизель,8-803-251-51-24
Кошки,8-807-1688630
Норма,+88016829513
Кармен,8-(802)-988-05-29
Спящая красавица,88051490871
Кошки,8805-817-42-49
Лебединое озеро,8805-988-25-42
Евгений Онегин,8-804-5306156
Кошки,8-805-3333725
Ночь перед Рождеством,88049173515
Ночь перед Рождеством,8804-600-34-05
Спартак,8-803-421-09-19
Дон Кихот,8-802-676-75-49
Юнона и Авось,88053853336
Евгений Онегин,8-804-weapons
Риголетто,8-802-5311958
Риголетто,88032806878
Ночь перед Рождеством,8-(805)-750-78-34
Ла-Ла Ленд,8-806-216-56-55
Евгений Онегин,8-806-8959956
Ночь перед Рождеством,8801-260-26-31
Кармен,88053094318
Жизель,8801-272-55-19
Ромео и Джульетта,8-805-401-94-90
Спящая красавица,8-(803)-380-37-15
Жизель,8-802-592-25-58
Евгений Онегин,8-806-7302724
Свадьба Фигаро,+88029328414
Чикаго,8804-834-71-65
Кармен,8806-237-35-65
Спартак,8-802-3094535
Лебединое озеро,+88074322570
Ночь перед Рождеством,+88075165709
Лебединое озеро,8-802-932-84-14
Кармен,8-805-660-09-96
Риголетто,+88043691539
Ла-Ла Ленд,88045635075
Кармен,88049811720
Спящая красавица,8-(807)-432-25-70
Ромео и Джульетта,8-(801)-149-64-21
Ромео и Джульетта,+88049053909
Todd,8806-511-34-30
Todd,8807-100-34-69
Свадьба Фигаро,8804-361-28-05
Лебединое озеро,8-804-8501125
Кошки,8-(802)-164-71-09
Кармен,8807-481-28-01
Спящая красавица,8807-830-08-23
Спящая красавица,8801-589-88-13
Севильский цирюльник,8-804-207-50-63
Ромео и Джульетта,8-801-1878526
Евгений Онегин,8-804-8791286
Севильский цирюльник,8-802-3691688
Севильский цирюльник,+88077143517
Ночь перед Рождеством,8-(805)-713-37-33
Todd,88056600996
Норма,88078154473
Кармен,8-806-2350122
Свадьба Фигаро,8-(802)-826-91-38
Кармен,8-(805)-610-99-13
Лебединое озеро,8-(806)-416-00-86
Спартак,8-805-9561910
Евгений Онегин,8-(806)-379-36-71
Спартак,8-803-998-90-48
Кармен,8-804-833-32-37
Todd,+88048938483
Ночь перед Рождеством,88067219594
Севильский цирюльник,88019559498
Спартак,8-(803)-558-70-61
Севильский цирюльник,8-(804)-186-49-39
Todd,8-807-437-92-39
Ромео и Джульетта,8-803-961-53-38
Евгений Онегин,88055622965
Ла-Ла Ленд,88075202240
Норма,8803-147-37-97
Евгений Онегин,8-803-537-15-82
Ромео и Джульетта,8-(805)-312-25-20
Риголетто,8803-799-87-61
Евгений Онегин,8803-746-53-14
Todd,8802-898-50-54
Спящая красавица,+88074189639
Лебединое озеро,+88023114872
Лебединое озеро,8801-240-79-48
Юнона и Авось,8-804-3429106
Норма,8-806-clients
Свадьба Фигаро,88041366046
Спящая красавица,8-803-927-87-54
Кошки,8-804-703-61-20
Кошки,8-802-5243791
Риголетто,8-801-9559498
Свадьба Фигаро,8-806-976-48-58
Свадьба Фигаро,8-803-753-51-39
Todd,8-805-8644710
Евгений Онегин,88036155091
Жизель,8-807-315-85-17
Норма,8-803-6696373
Спящая красавица,88032865364
Евгений Онегин,8-(803)-687-64-74
Аида,8807-647-34-21
Севильский цирюльник,8-804-4904940
Ночь перед Рождеством,8-801-4942740
Юнона и Авось,+88052547620
Евгений Онегин,8-(807)-515-81-41
Ромео и Джульетта,8-802-3822629
Чикаго,8-803-1499076
Ночь перед Рождеством,8804-862-15-60
Щелкунчик,+88033632727
Евгений Онегин,8-804-153-82-10
Жизель,8804-845-31-02
Риголетто,8805-871-15-78
Севильский цирюльник,8-802-6907660
Евгений Онегин,88058317366
Щелкунчик,8805-291-01-66
Евгений Онегин,8-(805)-531-82-82
Спящая красавица,8-807-892-34-47
Свадьба Фигаро,8-806-8030025
Вестсайдская история,8804-628-91-34
Спящая красавица,8-(806)-869-82-91
Ла-Ла Ленд,8-804-961-04-77
Кармен,8-802-735-84-56
Todd,+88069598382
Кармен,+88011436075
Спартак,8-806-9006552
Баядерка,8-805-797-06-98
Спартак,+88031205379
Чикаго,8-807-862-81-48
Щелкунчик,8-(803)-374-62-01
Нотр-Дам де Пари,8-801-7249300
Травиата,8-(804)-648-49-41
Норма,+88047300738
Ла-Ла Ленд,8-803-369-29-68
Кармен,88012310156
Дон Кихот,8-802-9328414
Спартак,8-(807)-714-35-17
Чикаго,8-803-6809312
Ночь перед Рождеством,88019549359
Дон Кихот,8805-699-63-44
Кошки,8805-627-57-24
Жизель,8-806-7573031
Ночь перед Рождеством,8805-309-43-18
Спартак,8-801-553-56-23
Спящая красавица,8803-468-76-71
Севильский цирюльник,8-803-3632727
Севильский цирюльник,8-805-853-17-48
Ромео и Джульетта,8-(803)-243-18-74
Спящая красавица,8-805-7885000
Дон Кихот,8-806-4810682
Чикаго,8-807-9237561
Ромео и Джульетта,8-806-8698291
Баядерка,+88023384150
Кошки,8-(806)-509-31-75
Жизель,+88049811720
Баядерка,88067302724
Лебединое озеро,+88036877416
Лебединое озеро,+88048267600
Риголетто,88025320429
Спартак,88075232868
Ночь перед Рождеством,8802-900-79-32
Ла-Ла Ленд,+88066654374
Todd,8-804-4324437
Свадьба Фигаро,8-804-8333237
Todd,8807-366-89-15
Ла-Ла Ленд,+88071779367
Юнона и Авось,8-803-4632187
Евгений Онегин,8-(805)-881-61-23
Щелкунчик,+88046004791
Кошки,8-804-628-04-49
Нотр-Дам де Пари,88079858574
Лебединое озеро,8801-435-78-05
Норма,88023691688
Севильский цирюльник,8803-327-49-98
Баядерка,8-807-1408036
Спартак,88045295615
Дон Кихот,88046409165
Травиата,8-803-732-27-11
Юнона и Авось,8-(804)-529-56-15
Ла-Ла Ленд,8-801-934-33-53
Todd,+88024614224
Лебединое озеро,8805-719-00-82
Риголетто,8-806-536-25-88
Кармен,8-803-6424431
Жизель,8802-666-50-82
Аида,+88068846230
Норма,+88017049913
Нотр-Дам де Пари,8-805-465-30-98
Кошки,88076473421
Риголетто,8-(803)-626-96-05
Норма,8802-765-05-53
Todd,88042287308
Чикаго,+88057059857
Ла-Ла Ленд,8801-933-01-63
Ла-Ла Ленд,+88014777305
Норма,88039759402
Жизель,88027749053
Лебединое озеро,88036171353
Чикаго,8-805-2267363
Волшебная флейта,88072330546
Кошки,8-(805)-458-92-25
Вестсайдская история,8-805-6565971
Спящая красавица,88079253358
Кошки,8-806-6704088
Дон Кихот,8-804-6132722
Ночь перед Рождеством,+88045306156
Спартак,8-807-3048415
Евгений Онегин,88077509739
Ромео и Джульетта,8-805-555-42-59
Кошки,8-803-374-62-01
Юнона и Авось,+88068698291
Жизель,8-803-535-56-76
Волшебная флейта,+88028985054
Спящая красавица,8-(806)-803-00-25
Свадьба Фигаро,8-802-200-63-69
Риголетто,8-804-634-64-81
Евгений Онегин,+88067150251
Лебединое озеро,88033803715
Спящая красавица,8-807-7526377
Todd,8-806-928-01-28
Аида,8-804-783-35-43
Ромео и Джульетта,88053937709
Свадьба Фигаро,8-803-3105271
Todd,+88018203758
Евгений Онегин,8-(806)-120-37-75
Нотр-Дам де Пари,8-(801)-934-33-53
Кармен,8807-755-20-37
Юнона и Авось,+88061203775
Todd,8-(807)-725-79-94
Жизель,88028985054
Лебединое озеро,8-807-670-63-55
Травиата,8803-181-32-19
Todd,8801-903-71-83
Нотр-Дам де Пари,+88014362234
Ночь перед Рождеством,+88064054906
Спартак,+88041681294
Свадьба Фигаро,8802-477-11-26
Ночь перед Рождеством,8802-380-07-20
Свадьба Фигаро,88062350122
Жизель,88041714613
Кошки,+88028819989
Ночь перед Рождеством,+88016187137
Травиата,8-(807)-752-63-77
Ночь перед Рождеством,+88042902990
Аида,8-(802)-435-69-33
Ночь перед Рождеством,8803-759-42-23
Аида,8-803-526-18-03
Спартак,8806-757-30-31
Лебединое озеро,8806-693-13-12
Риголетто,8805-864-47-10
Спящая красавица,+88014639826
Кошки,88078252461
Жизель,+88024669618
Спартак,8-(802)-653-32-64
Дон Кихот,8-(807)-427-51-60
Ночь перед Рождеством,8-805-614-27-93
Риголетто,8-(807)-853-87-60
Дон Кихот,88058900594
Нотр-Дам де Пари,8-(806)-233-61-03
Спартак,8805-642-78-36
Баядерка,8-802-940-37-15
Ночь перед Рождеством,8-802-939-45-89
Баядерка,+88029367001
Лебединое озеро,8-806-4754439
Лебединое озеро,8-801-4238670
Риголетто,88048938483
Спящая красавица,8-804-391-87-16
Лебединое озеро,+88035106108
Чикаго,8-803-7424380
Баядерка,8-802-337-19-25
Нотр-Дам де Пари,8-804-3162914
Баядерка,8-807-6614952
Кармен,8807-707-10-65
Баядерка,8-802-7764726
Чикаго,8-801-527-66-00
Ла-Ла Ленд,8-(803)-342-66-63
Кармен,+88065666088
Спартак,88022520462
Лебединое озеро,8-806-202-21-39
Спящая красавица,8-804-6729822
Чикаго,88026434432
Чикаго,88063630024
Дон Кихот,8-(802)-943-47-37
Евгений Онегин,8807-471-72-47
Спящая красавица,8806-756-28-61
Норма,8-802-9720040
Лебединое озеро,8802-253-46-71
Аида,8-806-487-17-65
Спартак,88054788618
Норма,88075158141
Кошки,8-805-641-34-00
Кошки,8-804-342-91-06
Лебединое озеро,8-(801)-736-40-37
Спартак,88024067360
Ночь перед Рождеством,8807-726-40-86
Ночь перед Рождеством,8-(804)-600-34-05
Волшебная флейта,88016760055
Ла-Ла Ленд,88034511492
Чикаго,8-805-762-66-40
Вестсайдская история,88024771126
Вестсайдская история,+88032865364
Ночь перед Рождеством,8-801-4362234
Лебединое озеро,88013993093
Жизель,+88054594719
Спартак,8807-274-32-99
Аида,8-(803)-742-43-80
Жизель,8-803-7322711
Волшебная флейта,88044904940
Баядерка,8-(802)-271-71-96
Todd,8-(801)-820-37-58
Дон Кихот,8-(802)-783-47-96
Todd,+88027358456
Жизель,8-804-692-78-52
Ла-Ла Ленд,+88038394646
Лебединое озеро,8-804-834-71-65
Спящая красавица,8-802-926-45-76
Риголетто,8-805-4594719
Лебединое озеро,88017049913
Вестсайдская история,88023094535
Норма,8-807-432-25-70
Ла-Ла Ленд,8-805-4197048
Свадьба Фигаро,8-806-7556368
Ла-Ла Ленд,8-804-8621560
Евгений Онегин,88052547620
Ромео и Джульетта,8-801-2082397
Риголетто,8-(803)-526-18-03
Норма,88069006552
Евгений Онегин,8-(807)-553-37-45
Норма,8-(803)-286-53-64
Лебединое озеро,+88056214746
Нотр-Дам де Пари,+88014433888
Спящая красавица,8-(802)-380-07-20
Севильский цирюльник,8-(807)-830-08-23
Кармен,+88057190082
Лебединое озеро,+88053176264
Кошки,+88077526377
Юнона и Авось,8801-317-59-28
Кошки,8-(806)-708-93-17
Лебединое озеро,8-806-138-98-98
Кармен,88012725519
Севильский цирюльник,+88049852342
Чикаго,8-805-642-78-36
Кармен,8-804-2265136
Ночь перед Рождеством,8-(807)-848-14-60
Волшебная флейта,8-803-1784940
Спартак,+88067186369
Todd,8-(802)-590-70-27
Аида,88028718008
Todd,8-802-692-33-71
Кошки,8-802-271-71-96
Лебединое озеро,8807-563-84-39
Лебединое озеро,+88075339833
Кармен,8-807-368-05-29
Баядерка,8-804-7200376
Евгений Онегин,+88014942740
Todd,88058174249
Ла-Ла Ленд,8802-270-99-97
Чикаго,8-(804)-369-15-39
Травиата,88046003405
Дон Кихот,8-803-275-49-50
Травиата,+88035371582
Todd,8-(802)-729-14-53
Свадьба Фигаро,88032081729
Дон Кихот,8-(801)-452-55-14
Евгений Онегин,8-(805)-663-04-42
Ла-Ла Ленд,+88053991107
Юнона и Авось,8-805-817-42-49
Кошки,88074889186
Лебединое озеро,+8805manager
Нотр-Дам де Пари,8801-868-35-78
Травиата,+88016613450
Щелкунчик,8-806-272-82-29
Лебединое озеро,8804-394-55-38
Риголетто,8804-495-82-30
Ромео и Джульетта,8-(805)-762-66-40
Волшебная флейта,8-(805)-881-17-65
Лебединое озеро,8-807-8344298
Севильский цирюльник,8-(801)-335-01-76
Норма,+88015898813
Норма,8-(805)-184-59-26
Дон Кихот,88048036613
Травиата,8-801-423-86-70
Спящая красавица,+88057425200
Кармен,8-807-7823486
Ла-Ла Ленд,8807-970-35-49
Дон Кихот,8806-846-78-66
Жизель,8-802-217-61-49
Ночь перед Рождеством,+88057939265
Кошки,88011329982
Кармен,88013027334
Ромео и Джульетта,8-805-7581426
Ла-Ла Ленд,8-(807)-899-48-76
Ла-Ла Ленд,8-805-8816123
Аида,8801-577-72-27
Кошки,88078281812
Ла-Ла Ленд,8-(803)-702-61-40
Евгений Онегин,8-804-4836285
Лебединое озеро,88012407948
Севильский цирюльник,8807-432-25-70
Спартак,8-802-5922558
Нотр-Дам де Пари,88048083925
Риголетто,8-806-470-41-55
Риголетто,8-803-475-53-33
Жизель,88046029964
Свадьба Фигаро,8805-618-65-11
Норма,8-802-164-71-09
Кармен,8-803-310-52-71
Ла-Ла Ленд,88024159362
Юнона и Авось,88014357805
Кошки,8-(804)-563-50-75
Евгений Онегин,8-804-253-64-12
Жизель,8-802-6434432
Травиата,8-804-495-82-30
Дон Кихот,8-(801)-346-85-99
Кошки,8806-803-00-25
Todd,8-803-2658599
Юнона и Авось,8-803-5261803
Щелкунчик,8-806-3369374
Спартак,88067074230
Спартак,8-(802)-985-66-07
Жизель,8-801-8683578
Todd,8-(802)-948-79-99
Спящая красавица,8-807-102-30-55
Аида,+88046779869
Юнона и Авось,8-(801)-928-35-86
Севильский цирюльник,8-802-8724108
Лебединое озеро,8-803-158-15-23
Щелкунчик,8801-339-86-54
Севильский цирюльник,88075101242
Дон Кихот,+88019037183
Дон Кихот,88053177859
Кармен,88013468599
Чикаго,8-801-346-85-99
Жизель,+88078538760
Ла-Ла Ленд,8-804-468-59-28
Вестсайдская история,88031517895
Дон Кихот,88017906921
Евгений Онегин,8-802-7299132
Риголетто,8-802-7627244
Спартак,8807-162-11-11
Ночь перед Рождеством,88031787871
Баядерка,8-(804)-239-58-34
Ромео и Джульетта,8-(804)-530-05-90
Лебединое озеро,88079490461
Кармен,88012107037
Баядерка,8-806-431-43-51
Кошки,+88046810125
Аида,+88044957953
Спартак,8-803-204-82-58
Баядерка,8805-465-30-98
Вестсайдская история,8-803-508-70-59
Вестсайдская история,+88077552037
Кошки,88044360536
Свадьба Фигаро,8803-626-96-05
Ночь перед Рождеством,8-(807)-168-86-30
Дон Кихот,8803-775-56-11
Спящая красавица,88056915299
Ромео и Джульетта,8-803-160-33-81
Баядерка,8-805-587-11-95
Жизель,8-807-5766687
Вестсайдская история,8804-312-35-62
Ночь перед Рождеством,8-(802)-309-45-35
Кармен,8801-463-98-26
Кармен,+88031581523
Кармен,8-(802)-231-94-84
Кошки,8-801-8203758
Риголетто,88059172003
Севильский цирюльник,+88023644308
Ла-Ла Ленд,8-807-3668915
Спящая красавица,8-804-9610477
Вестсайдская история,8-802-2709997
Кошки,8-806-2165655
Юнона и Авось,88012455696
Кармен,8-804-189-02-56
Кошки,8-806-295-42-85
Норма,8-806-6554585
Травиата,8803-113-74-98
Евгений Онегин,8-(805)-699-63-44
Норма,+88052792356
Спящая красавица,8-806-4871765
Риголетто,+88074759001
Кармен,8804-692-78-52
Евгений Онегин,88073668915
Дон Кихот,8-803-5519355
Спартак,8-(802)-737-57-59
Волшебная флейта,8-805-5880998
Спартак,8-(804)-152-07-29
Кармен,8-806-571-24-20
Лебединое озеро,8-801-2223369
Евгений Онегин,+88056996344
Нотр-Дам де Пари,88019102520
Кармен,8804-369-15-39
Евгений Онегин,88051545139
Евгений Онегин,88018073667
Дон Кихот,8-807-661-49-52
Дон Кихот,8804-985-23-42
Кармен,8-803-2693990
Лебединое озеро,+88028724108
Дон Кихот,+8805offices
Ночь перед Рождеством,8-805-6996344
Риголетто,8-806-8400717
Чикаго,+88013027334
Лебединое озеро,88046810125
Кошки,8-803-856-80-60
Нотр-Дам де Пари,8-804-2303747
Todd,8-803-536-02-27
Риголетто,8802-327-46-31
Свадьба Фигаро,+88067556368
Спартак,8-(803)-535-56-76
Нотр-Дам де Пари,88067556368
Севильский цирюльник,88038884966
Лебединое озеро,+88078450615
Кармен,8-801-533-90-37
Дон Кихот,+88045295615
Риголетто,88027291453
Спартак,88022353028
Ла-Ла Ленд,8805-874-65-03
Todd,8806-199-89-48
Кармен,+88056433579
Ла-Ла Ленд,8-807-2252623
Риголетто,8-807-1023055
Кошки,8-(802)-270-99-97
Евгений Онегин,+88022353028
Щелкунчик,88011312166
Чикаго,8-801-187-85-26
Травиата,8-804-278-42-43
Todd,88035355676
Юнона и Авось,8-802-751-70-01
Щелкунчик,8-804-228-73-08
Вестсайдская история,8-807-5273634
Спящая красавица,8-801-9549359
Нотр-Дам де Пари,88072477023
Нотр-Дам де Пари,8805-154-51-39
Севильский цирюльник,+88053793073
Чикаго,8-804-490-49-40
Спящая красавица,88071166287
Евгений Онегин,8-802-739-43-62
Севильский цирюльник,8-807-116-62-87
Баядерка,8-(802)-940-37-15
Норма,8-803-4664293
Спящая красавица,8804-787-44-59
Аида,8807-427-51-60
Ла-Ла Ленд,8804-981-17-20
Евгений Онегин,8804-295-68-60
Щелкунчик,8803-286-53-64
Юнона и Авось,8802-801-45-45
Дон Кихот,88058811765
Todd,+88026470936
Todd,88027394415
Баядерка,8-801-868-35-78
Волшебная флейта,88025477183
Евгений Онегин,8-802-315-59-00
Щелкунчик,8-(804)-530-61-56
Кармен,8-801-7266573
Севильский цирюльник,8803-939-90-54
Риголетто,8-802-959-05-85
Баядерка,8807-823-74-92
Риголетто,8-801-487-71-10
Евгений Онегин,8-807-6175386
Ла-Ла Ленд,8-801-6279856
Юнона и Авось,8806-202-21-39
Спартак,8-804-613-65-13
Севильский цирюльник,+88073839123
Свадьба Фигаро,8-803-7998761
Ночь перед Рождеством,+88015535623
Ночь перед Рождеством,8-804-826-76-00
Кошки,8-801-448-15-74
Волшебная флейта,8805-458-92-25
Ла-Ла Ленд,8-804-2906447
Евгений Онегин,88021647109
Риголетто,8-801-642-30-77
Севильский цирюльник,8-(805)-643-35-79
Спящая красавица,+88011496421
Спартак,8-(806)-272-82-29
Лебединое озеро,8804-948-67-71
Норма,8-(803)-443-75-08
Евгений Онегин,8804-112-37-72
Todd,88063143609
Норма,+88059639244
Лебединое озеро,8-(804)-719-28-35
Вестсайдская история,+8805license
Дон Кихот,8-803-8884966
Спящая красавица,8806-913-56-29
Щелкунчик,8-805-9470271
Лебединое озеро,8-(804)-613-65-13
Юнона и Авось,8-802-7358456
Риголетто,8-803-1205379
Кармен,8-(801)-292-67-57
Ночь перед Рождеством,8-(801)-132-99-82
Евгений Онегин,88033632727
Вестсайдская история,+88031517895
Кармен,+88027702238
Евгений Онегин,8-803-8687734
Лебединое озеро,8-807-908-56-26
Кармен,8805-562-29-65
Нотр-Дам де Пари,8-801-4269364
Ночь перед Рождеством,8-805-manager
Дон Кихот,8803-158-15-23
Ромео и Джульетта,8-802-5366581
Лебединое озеро,8-805-274-76-26
Ла-Ла Ленд,8-802-program
Ла-Ла Ленд,8-(807)-692-86-72
Риголетто,88014433888
Жизель,+88075325536
Ромео и Джульетта,88023778107
Баядерка,8805-245-18-29
Спящая красавица,88038589533
Щелкунчик,8-802-3035166
Дон Кихот,8-805-733-69-06
Кошки,+88075623205
Ла-Ла Ленд,+88068595943
Евгений Онегин,+88051845926
Ла-Ла Ленд,8-(803)-375-47-40
Риголетто,8-805-605-41-98
Норма,8-801-588-29-16
Евгений Онегин,8-806-358-95-01
Щелкунчик,8806-219-59-16
Спящая красавица,+88079490461
Баядерка,+88071688630
Юнона и Авось,8-804-963-25-20
Кармен,+88041538210
Щелкунчик,+88032436843
Спящая красавица,8-807-8294256
Риголетто,8-805-458-92-25
Волшебная флейта,8-802-1392413
Евгений Онегин,8-807-4759001
Дон Кихот,8805-758-14-26
Севильский цирюльник,88068271603
Ночь перед Рождеством,+88073680529
Свадьба Фигаро,8807-923-75-61
Кармен,8-(807)-228-78-04
Ночь перед Рождеством,88075766687
Чикаго,88025366581
Кошки,+88077685270
Севильский цирюльник,+88038568060
Спартак,8807-564-68-59
Лебединое озеро,+88019154762
Вестсайдская история,88056275724
Todd,88031603381
Норма,88051528364
Норма,88077257994
Евгений Онегин,88059159221
Лебединое озеро,8-807-949-04-61
Волшебная флейта,+88031835078
Ромео и Джульетта,8-803-3803715
Чикаго,88069764858
Todd,+88036355914
Спящая красавица,8-803-5360227
Кошки,8-801-6846466
Риголетто,8-805-7059857
Ночь перед Рождеством,8-(802)-932-84-14
Ромео и Джульетта,8-803-3274998
Свадьба Фигаро,8-(803)-927-87-54
Спартак,8-804-530-05-90
Ночь перед Рождеством,8-803-6774196
Дон Кихот,8-(807)-903-28-76
Евгений Онегин,8-807-8628148
Баядерка,8-803-1473023
Ромео и Джульетта,8801-443-38-88
Спящая красавица,8-802-871-80-08
Кармен,8-(807)-520-22-40
Баядерка,8-802-2717196
Дон Кихот,8807-324-30-12
Todd,+88023184739
Дон Кихот,8-801-320-80-23
Свадьба Фигаро,88076614952
Ночь перед Рождеством,+88015459682
Ла-Ла Ленд,8-802-309-45-35
Норма,8807-532-55-36
Дон Кихот,+88058317366
Евгений Онегин,8807-991-78-70
Кошки,+88012024333
Лебединое озеро,8-802-7834796
Ночь перед Рождеством,8-803-310-13-86
Нотр-Дам де Пари,+88056517647
Аида,8-807-2743299
Евгений Онегин,8803-190-87-59
Вестсайдская история,8803tonight
Нотр-Дам де Пари,8802-690-76-60
Дон Кихот,8-(806)-730-02-24
Ла-Ла Ленд,8807journal
Травиата,8805-931-46-45
Спящая красавица,8-(802)-217-61-49
Вестсайдская история,8-807-8481460
Севильский цирюльник,8-802-4771126
Ночь перед Рождеством,8-(807)-527-36-34
Севильский цирюльник,8805-223-28-96
Ночь перед Рождеством,8-801-452-55-14
Евгений Онегин,8804-148-79-49
Ла-Ла Ленд,8801-448-15-74
Todd,8-(803)-642-44-31
Кошки,8805-254-76-20
Ла-Ла Ленд,8-801-3807588
Дон Кихот,8-801-5535623
Лебединое озеро,88032693990
Травиата,8-806-611-56-51
Свадьба Фигаро,8-(803)-280-68-78
Свадьба Фигаро,88056109913
Риголетто,8-802-9394589
Чикаго,8-801-6187137
Кошки,8-807-2420422
Спартак,8-(807)-214-51-88
Риголетто,+88046312323
Аида,+88056421891
Аида,8-(802)-343-84-64
Кошки,8806-363-00-24
Норма,8802-406-42-25
Кармен,8-(802)-898-50-54
Норма,8807-438-07-69
Дон Кихот,88057425200
Аида,8802-447-77-91
Кармен,8-(801)-240-79-48
Спящая красавица,8-(807)-468-11-51
Норма,8-803-858-95-33
Ночь перед Рождеством,8-803-327-49-98
Риголетто,8-(805)-465-30-98
Дон Кихот,8-801-477-73-05
Щелкунчик,8-(805)-864-47-10
Кармен,8-803-8505565
Кошки,8-804-136-60-46
Севильский цирюльник,88038168046
Юнона и Авось,8-(801)-487-71-10
Ла-Ла Ленд,8-(802)-974-73-37
Кошки,88053586423
Todd,8805-873-86-01
Спартак,8803-742-43-80
Чикаго,8806-120-37-75
Кошки,+88075766687
Дон Кихот,8-(805)-587-11-95
Кармен,8-805-1490871
Риголетто,+88018974858
Аида,8-807-7143517
Севильский цирюльник,88037466801
Жизель,+88015835719
Риголетто,88074374070
Todd,8-805-947-02-71
Todd,88056427836
Нотр-Дам де Пари,8-(804)-495-79-53
Щелкунчик,8-(803)-363-27-27
Кошки,8-803-3692968
Todd,8802-871-80-08
Ночь перед Рождеством,8-804-4445792
Волшебная флейта,8803-310-13-86
Ночь перед Рождеством,8-(805)-642-18-91
Ла-Ла Ленд,8-805-890-05-94
Ла-Ла Ленд,+88036155091
Севильский цирюльник,8-(807)-925-33-58
Севильский цирюльник,8-807-4380769
Юнона и Авось,+88049592022
Лебединое озеро,8805-446-78-15
Спящая красавица,8-805-219-34-56
Спартак,8-802-8698412
Аида,8-805-606-08-26
Кошки,88015339037
Дон Кихот,8-805-202-87-99
Ромео и Джульетта,8806-900-65-52
Ромео и Джульетта,88044528358
Ла-Ла Ленд,8-801-812-68-40
Чикаго,8-804-374-07-44
Todd,8-805-691-52-99
Юнона и Авось,8806-618-97-17
Дон Кихот,88048333237
Кошки,8-802-139-58-51
Ромео и Джульетта,8-802-936-70-01
Щелкунчик,8-802-7650553
Евгений Онегин,8806-409-32-50
Риголетто,88052028799
Кошки,88062195916
Щелкунчик,8806-655-45-85
Кошки,88033252319
Кармен,8-803-5739218
Кошки,8-801-682-95-13
Ла-Ла Ленд,8-806-720-78-43
Лебединое озеро,8-(805)-642-78-36
Лебединое озеро,88055531655
Риголетто,+88067345708
Юнона и Авось,8-802-7508800
Лебединое озеро,8801-533-90-37
Ромео и Джульетта,88014238670
Свадьба Фигаро,8-807-9517242
Дон Кихот,8-806-266-13-44
Лебединое озеро,8805-656-59-71
Свадьба Фигаро,8-(805)-742-52-00
Ночь перед Рождеством,8-806-120-37-75
Спартак,8801-729-12-08
Щелкунчик,+88058407900
Кошки,8-(801)-423-86-70
Кошки,8-806-947-63-84
Спящая красавица,8-803-615-94-73
Дон Кихот,8806-757-69-93
Вестсайдская история,8-(806)-470-41-55
Свадьба Фигаро,+88056307119
Чикаго,+88025285222
Волшебная флейта,8-(803)-888-49-66
Нотр-Дам де Пари,8-(804)-391-87-16
Аида,8807-315-01-36
Вестсайдская история,8-(803)-508-70-59
Дон Кихот,8-806-2661344
Спартак,8-(803)-732-27-11
Спартак,88052222021
Ночь перед Рождеством,+88048838844
Риголетто,8-802-923-10-06
Евгений Онегин,8-806-730-02-24
Спящая красавица,8-801-4433888
Жизель,8-(806)-566-60-88
Риголетто,8805-784-49-18
Щелкунчик,8801-494-27-40
Баядерка,8-806-6666299
Ла-Ла Ленд,8803-160-33-81
Ромео и Джульетта,+88063589501
Волшебная флейта,88026189714
Спящая красавица,88078550416
Ла-Ла Ленд,8-802-590-70-27
Кармен,8-803-3101386
Жизель,+88069135629
Аида,8-801-240-79-48
Кошки,88029434737
Кармен,8-(807)-845-06-15
Кармен,8-804-850-11-25
Евгений Онегин,+88063001855
Todd,8803-486-33-55
Норма,+88046136513
Травиата,88024614224
Баядерка,+88048746361
Спартак,8805-349-80-04
Норма,8807-177-93-67
Todd,88073622569
Спящая красавица,8-807-437-40-70
Волшебная флейта,+88043414541
Юнона и Авось,8-807-3150136
Спартак,8-804-6533269
Евгений Онегин,8-804-2737140
Риголетто,+88068271603
Дон Кихот,+88022471839
Евгений Онегин,+88014269364
Todd,88078304366
Риголетто,8-803-190-36-53
Дон Кихот,8-(804)-483-62-85
Ромео и Джульетта,8-805-419-70-48
Ночь перед Рождеством,8-805-9159221
Спартак,8-(807)-383-91-23
Todd,8-802-765-05-53
Спартак,8-803-1812341
Спящая красавица,8-802-6665082
Нотр-Дам де Пари,8-801-292-03-89
Спящая красавица,8-805-3793073
Кармен,88068400717
Баядерка,8-806-803-00-25
Вестсайдская история,8-803-9989048
Спящая красавица,8-806-6308180
Свадьба Фигаро,8-804-759-16-72
Лебединое озеро,+88066308180
Жизель,8-(807)-102-30-55
Спартак,8807-949-04-61
Кошки,88038675499
Евгений Онегин,88055159321
Чикаго,8-802-8718008
Вестсайдская история,8-807-477-50-30
Спартак,8806-830-76-08
Щелкунчик,8-(803)-537-15-82
Баядерка,88046132722
Лебединое озеро,88072743299
Чикаго,8-805-385-33-36
Севильский цирюльник,8-806-511-34-30
Спящая красавица,+88033847207
Спартак,8802-205-41-16
Спартак,8-807-647-34-21
Севильский цирюльник,8-803-4863355
Ла-Ла Ленд,8806-144-20-85
Нотр-Дам де Пари,+88056186511
Кошки,8807-553-37-45
Дон Кихот,8805-956-19-10
Риголетто,8-(806)-536-25-88
Евгений Онегин,8803-753-51-39
Норма,8-803-6539868
Лебединое озеро,8-(802)-172-44-82
Риголетто,8-802-4620123
Кармен,+88048501125
Todd,+88036425760
Todd,8-802-7749053
Волшебная флейта,8-(801)-726-65-73
Риголетто,88049053909
Юнона и Авось,8802-164-71-09
Севильский цирюльник,8806-678-14-04
Кармен,8804-342-91-06
Ла-Ла Ленд,8-805-7626640
Баядерка,8-803-304-40-66
Баядерка,8-804-640-91-65
Юнона и Авось,+88055195284
Кармен,8-(804)-697-16-25
Лебединое озеро,+88044708600
Ромео и Джульетта,88053629091
Кошки,+88054197048
Кошки,8801-368-04-90
Риголетто,8-801-928-35-86
Аида,8803-190-36-53
Ла-Ла Ленд,88013616327
Кармен,+88035709821
Юнона и Авось,8-(804)-783-35-43
Севильский цирюльник,88074681151
Спящая красавица,8-803-1835078
Кармен,8803-325-23-19
Нотр-Дам де Пари,8-(804)-789-35-92
Норма,88046200424
Чикаго,8-804-7874459
Кармен,+88064754439
Кармен,8801-545-96-82
Ромео и Джульетта,+88042217218
Свадьба Фигаро,8-(805)-792-37-95
Жизель,+88024290711
Ла-Ла Ленд,88061203775
Спартак,8-807-5101242
Спящая красавица,+88044324437
Спящая красавица,+88033662720
Ночь перед Рождеством,8802-434-54-74
Кошки,8-807-6166517
Севильский цирюльник,8-807-8795322
Todd,88012920389
Ла-Ла Ленд,+88057844918
Риголетто,8-803-1573856
Жизель,88071003469
Ночь перед Рождеством,8-(807)-825-24-61
Спартак,+88033101386
Свадьба Фигаро,8805-614-27-93
Евгений Онегин,8802-959-05-85
Волшебная флейта,8-(805)-202-87-99
Риголетто,8-807-5638439
Риголетто,88068949713
Свадьба Фигаро,8-804-600-47-91
Риголетто,+88011452128
Ла-Ла Ленд,8-806-316-54-91
Волшебная флейта,88056214746
Лебединое озеро,+88064968836
Баядерка,8-(805)-279-23-56
Юнона и Авось,8-805-4019490
Дон Кихот,+88071166287
Нотр-Дам де Пари,8-807-4681151
Риголетто,88079745761
Норма,8-807-stadium
Аида,8-806-6880330
Ночь перед Рождеством,8807-437-40-70
Дон Кихот,8802-972-00-40
Баядерка,8804-963-25-20
Ла-Ла Ленд,8-(807)-532-55-36
Юнона и Авось,+88078304366
Ночь перед Рождеством,8-801-724-93-00
Баядерка,8-804-7591672
Вестсайдская история,88075325536
Вестсайдская история,8807-514-02-23
Спящая красавица,8-806-9476384
Кошки,8801-452-55-14
Риголетто,+88075638439
Риголетто,8-(802)-945-15-18
Баядерка,8-804-7300738
Лебединое озеро,8-802-6816636
Дон Кихот,8-807-532-55-36
Чикаго,8-801-2776755
Риголетто,8-806-884-62-30
Риголетто,8-(802)-632-69-87
Евгений Онегин,8807-602-61-96
Норма,88039989048
Норма,8-(807)-743-91-93
Чикаго,8-805-7507834
Кошки,8-801-4525514
Спящая красавица,88012459437
Баядерка,8-805-758-14-26
Чикаго,8-805-7939265
Лебединое озеро,88079517242
Спартак,+88049385868
Риголетто,8-807-639-77-15
Лебединое озеро,88064810682
Свадьба Фигаро,88075273634
Евгений Онегин,8-803-269-39-90
Нотр-Дам де Пари,8-(805)-393-77-09
Риголетто,+88048083925
Севильский цирюльник,8-802-7375759
Щелкунчик,+88029720040
Todd,8802-253-72-00
Риголетто,8-805-5423673
Норма,8802-119-77-75
Кошки,8804-628-04-49
Нотр-Дам де Пари,8801-646-31-82
Спящая красавица,8-805-7844918
Дон Кихот,8802-567-60-50
Ночь перед Рождеством,8-(803)-998-90-48
Юнона и Авось,8-806-859-59-43
Аида,8-802-7394415
Жизель,88069280128
Вестсайдская история,+88042536412
Севильский цирюльник,8-(807)-970-35-49
Свадьба Фигаро,+88053089374
Кармен,+88061389898
Норма,88026533264
Севильский цирюльник,88031746497
Свадьба Фигаро,8803-269-39-90
Норма,88066007010
Евгений Онегин,8-802-7517001
Норма,8-801-704-99-13
Кармен,8-807-486-22-65
Риголетто,8-(801)-729-12-08
Кошки,88066379298
Кошки,8-(804)-625-56-31
Севильский цирюльник,8-(802)-793-10-28
Todd,+88023778107
Дон Кихот,8-806-336-93-74
Кармен,8806-248-78-77
Севильский цирюльник,88019330163
Свадьба Фигаро,8-801-368-04-90
Лебединое озеро,8801-443-29-46
Риголетто,8-(802)-815-24-03
Щелкунчик,8-802-235-30-28
Евгений Онегин,8804-306-05-99
Кармен,+88076026196
Спартак,8-804-3841536
Ла-Ла Ленд,88035261803
Чикаго,88057626640
Ромео и Джульетта,88043612805
Спящая красавица,8807-692-86-72
Спартак,88026177226
Нотр-Дам де Пари,8805-702-26-44
Щелкунчик,88074189639
Спящая красавица,+88067300224
Ромео и Джульетта,8-806-6115651
Лебединое озеро,8-805-399-11-07
Todd,88052500133
Спящая красавица,8-803-4032185
Дон Кихот,8-806-6165058
Евгений Онегин,+88013340605
Ночь перед Рождеством,8-805-6334237
Кармен,+88073622569
Севильский цирюльник,8801-928-35-86
Спартак,88064314351
Ночь перед Рождеством,8807-247-70-23
Норма,8-(805)-718-66-89
Todd,88057022644
Спартак,8-807-9032876
Ромео и Джульетта,8-805-531-82-82
Todd,8803-369-29-68
Кошки,8-803-4687671
Кармен,+88071313316
Спартак,8-807-923-75-61
Севильский цирюльник,8-801-9831821
Дон Кихот,8-804-6927852
Баядерка,8-806-174-97-14
Щелкунчик,8-804-905-32-59
Спящая красавица,8801-787-99-13
Ромео и Джульетта,88076706355
Юнона и Авось,8-803-3847207
Ромео и Джульетта,8-802-415-93-62
Ромео и Джульетта,88058746503
Лебединое озеро,8804-432-44-37
Норма,8-(803)-451-14-92
Лебединое озеро,8-801-4484572
Todd,8-804-6255631
Севильский цирюльник,8-807-707-10-65
Евгений Онегин,8-801-831-40-89
Спартак,8-801-1194647
Спартак,8-(802)-801-45-45
Юнона и Авось,+88037998761
Спящая красавица,+88052028799
Дон Кихот,8-806-1998948
Лебединое озеро,88062022139
Спартак,8-807-362-25-69
Кармен,8-805-881-61-23
Чикаго,+88079745761
Севильский цирюльник,8-805-6522888
Дон Кихот,8807-242-04-22
Лебединое озеро,+88021883090
Баядерка,8-805-1611692
Риголетто,8-804-883-88-44
Севильский цирюльник,8-(806)-900-65-52
Дон Кихот,88034201521
Спящая красавица,8-807-balance
Юнона и Авось,88023800720
Вестсайдская история,+88023057838
Лебединое озеро,8-802-898-50-54
Риголетто,88031137498
Дон Кихот,+88025907027
Кошки,8-801-3340605
Севильский цирюльник,8-804-6779869
Севильский цирюльник,8-803-608-10-05
Свадьба Фигаро,8-803-6155091
Спартак,8-(806)-913-56-29
Спартак,8-802-7468816
Свадьба Фигаро,8-806-6781404
Вестсайдская история,88079085626
Волшебная флейта,8-802-1197775
Вестсайдская история,8-807-1621111
Травиата,8802-735-84-56
Баядерка,+88061442330
Лебединое озеро,+88065547546
Спящая красавица,8807-639-77-15
Нотр-Дам де Пари,8-804-3431208
Вестсайдская история,8802-739-44-15
Нотр-Дам де Пари,8-805-5071755
Кармен,88015882916
Щелкунчик,8-802-7394362
Спящая красавица,+88037719872
Лебединое озеро,88041681294
Нотр-Дам де Пари,8-(807)-974-57-61
Ночь перед Рождеством,+88031473797
Todd,8-(801)-831-78-67
Ночь перед Рождеством,8-803-667-54-39
Кармен,8801-632-98-04
Кошки,+88063630024
Чикаго,8805-308-93-74
Спящая красавица,8-804-845-31-02
Ла-Ла Ленд,8-807-6473421
Нотр-Дам де Пари,8802-339-85-38
Лебединое озеро,8-(801)-646-31-82
Свадьба Фигаро,8802-337-19-25
Травиата,8-(806)-629-91-04
Аида,8806-998-13-66
Ночь перед Рождеством,8-(805)-778-36-43
Севильский цирюльник,8-801-831-78-67
Ромео и Джульетта,+88029394589
Кошки,8-804-7349439
Севильский цирюльник,8-(805)-219-34-56
Травиата,88011756785
Риголетто,+88046003405
Волшебная флейта,+88058591570
Норма,8803-490-76-53
Аида,8803-331-76-07
Волшебная флейта,8-807-755-20-37
Дон Кихот,88048838844
Todd,+88059470271
Дон Кихот,8-802-746-88-16
Риголетто,88025907027
Риголетто,8-(804)-985-23-42
Аида,88049772712
Норма,+88029451518
Травиата,+88024064225
Ромео и Джульетта,8-(804)-640-91-65
Евгений Онегин,8-806-715-02-51
Ночь перед Рождеством,+88033426663
Todd,8-807-324-30-12
Травиата,8-807-5841664
Кармен,8805-158-67-66
Жизель,8-806-2742242
Кармен,+88076924316
Ночь перед Рождеством,8807-168-86-30
Юнона и Авось,+88034210919
Кармен,88056142793
Жизель,8-802-9882769
Дон Кихот,88032754950
Норма,8-(804)-862-15-60
Аида,8807-300-82-71
Спартак,8804-136-60-46
Аида,8-807-6397715
Кошки,8802-793-10-28
Ла-Ла Ленд,88058019451
Ромео и Джульетта,8804-821-19-78
Риголетто,88044685928
Ромео и Джульетта,+88022176149
Норма,+88062487877
Юнона и Авось,+88026506476
Свадьба Фигаро,8-807-356-69-30
Спящая красавица,8-(806)-720-90-60
Лебединое озеро,+88056054198
Севильский цирюльник,8-(805)-793-92-65
Кошки,8804-783-35-43
Ночь перед Рождеством,8-805-9172003
Вестсайдская история,+88032557620
Свадьба Фигаро,8804airport
Риголетто,88068030025
Спящая красавица,8805-926-63-91
Дон Кихот,88029328414
Вестсайдская история,8-805-955-96-54
Щелкунчик,8-803-653-98-68
Аида,8-801-132-99-82
Риголетто,+88043945538
Травиата,8-802-477-11-26
Жизель,8801-346-85-99
Волшебная флейта,+88064561880
Ла-Ла Ленд,8-801-2838551
Лебединое озеро,88048347165
Севильский цирюльник,8-801-5777227
Ромео и Джульетта,8-805-5531655
Риголетто,8-805-621-47-46
Норма,8-804-343-12-08
Юнона и Авось,88016041977
Кармен,8-807-743-91-93
Кармен,8-(807)-163-98-01
Кармен,8802-574-25-36
Жизель,8-(807)-923-75-61
Спящая красавица,8801-131-21-66
Лебединое озеро,+88023438464
Нотр-Дам де Пари,8-(803)-310-13-86
Евгений Онегин,8801-934-33-53
Todd,88055871195
Ночь перед Рождеством,+88016518855
Евгений Онегин,+88053498004
Норма,8-803-120-53-79
Норма,8-801-5901638
Кошки,8-802-168-15-06
Дон Кихот,8-(805)-723-35-26
Ромео и Джульетта,8803-495-63-01
Дон Кихот,8-807-304-84-15
Евгений Онегин,8-804-631-23-23
Кармен,8-805-8000089
Дон Кихот,8-804-1890256
Ла-Ла Ленд,8803-702-61-40
Аида,+88012096884
Норма,+88045300590
Норма,8-806-655-45-85
Травиата,8-802-2006369
Риголетто,8-(804)-917-35-15
Ла-Ла Ленд,8803-275-49-50
Todd,8804-942-06-47
Спартак,8-804-5635075
Евгений Онегин,8802-632-69-87
Жизель,8-802-6923371
Кошки,8804-343-12-08
Спартак,8-806-235-01-22
Норма,8-(802)-751-70-01
Юнона и Авось,8-807-5339833
Евгений Онегин,+88074374070
Ночь перед Рождеством,8-801-231-01-56
Дон Кихот,8-802-5780678
Кармен,88017123639
Свадьба Фигаро,8-805-3094318
Ла-Ла Ленд,+88053094318
Ромео и Джульетта,8-(801)-322-20-24
Волшебная флейта,88034032185
Спящая красавица,8-(803)-304-40-66
Дон Кихот,+88077264086
Евгений Онегин,8-804-7704787
Спящая красавица,8802-676-75-49
Травиата,8-(806)-571-24-20
Кошки,8807-450-30-23
Кошки,8801-200-22-23
Лебединое озеро,8-804-9053259
Спартак,88036809312
Севильский цирюльник,8-804-613-27-22
Спящая красавица,+88046729822
Юнона и Авось,88028724108
Свадьба Фигаро,88017266573
Вестсайдская история,88068467866
Аида,8806-688-03-30
Юнона и Авось,+88051528364
Волшебная флейта,8-807-829-42-56
Свадьба Фигаро,8-(803)-158-15-23
Евгений Онегин,8-807-185-72-60
Севильский цирюльник,8-(806)-266-13-44
Баядерка,8-(802)-729-91-32
Ла-Ла Ленд,8-(804)-808-39-25
Ла-Ла Ленд,88075638439
Севильский цирюльник,88037998761
Норма,8803-558-70-61
Риголетто,8-807-355-06-51
Вестсайдская история,8805-127-70-29
Todd,8801-553-56-23
Ромео и Джульетта,8-802-527-08-13
Кошки,8-801-2024333
Волшебная флейта,8-801-9283586
Todd,8-(803)-147-37-97
Спящая красавица,88073680529
Баядерка,8-803-775-56-11
Волшебная флейта,88069488895
Дон Кихот,8-807-7257994
Дон Кихот,8-(805)-162-00-00
Жизель,88078300823
Аида,88053122520
Севильский цирюльник,+88055531655
Норма,8803-816-80-46
Ночь перед Рождеством,8-803-6877416
Свадьба Фигаро,8805-762-66-40
Кармен,8-801-317-59-28
Аида,+88065120718
Спартак,8-804-3100639
Лебединое озеро,8-(806)-475-44-39
Норма,8-(806)-721-95-94
Аида,+88075101242
Кошки,88031903653
Аида,88032431874
Севильский цирюльник,8-804-225-66-29
Ла-Ла Ленд,88067207843
Вестсайдская история,8-(805)-963-92-44
Ромео и Джульетта,88054019490
Севильский цирюльник,8-(803)-120-53-79
Спящая красавица,8-806-718-71-38
Чикаго,8-(806)-144-20-85
Евгений Онегин,8802-415-13-49
Волшебная флейта,8-805-184-59-26
Дон Кихот,+88036213214
Кошки,8-807-8840080
Чикаго,8-806-6007010
Риголетто,8-(806)-859-59-43
Кармен,8-(805)-419-70-48
Ночь перед Рождеством,8-(805)-334-56-32
Ночь перед Рождеством,8-(801)-868-35-78
Севильский цирюльник,8-803-742-43-80
Ночь перед Рождеством,8805manager
Риголетто,88023334623
Спящая красавица,8-807-920-08-30
Ночь перед Рождеством,8-807-168-86-30
Ромео и Джульетта,+88014481574
Кошки,+8805federal
Юнона и Авось,+88048347165
Севильский цирюльник,+88051657250
Жизель,88051586766
Чикаго,+88027291453
Спартак,8-(806)-757-69-93
Дон Кихот,+88035666052
Дон Кихот,+88053348136
Юнона и Авось,8-801-334-06-05
Норма,88047591672
Вестсайдская история,+88012602631
Спартак,8-802-461-42-24
Кошки,8-805-4081888
Севильский цирюльник,8-802-9451518
Дон Кихот,8-(802)-342-56-92
Баядерка,+88079200830
Спартак,8-802-985-66-07
Ромео и Джульетта,8802-770-22-38
Дон Кихот,8-806-367-02-14
Вестсайдская история,8-801-7879913
Спящая красавица,88025584421
Дон Кихот,88068379798
Аида,+88075533745
Спартак,8-801-178-43-98
Ла-Ла Ленд,8-(805)-308-93-74
Жизель,88056405447
Риголетто,+88027584117
Севильский цирюльник,8-(802)-762-72-44
Дон Кихот,8801-618-71-37
Дон Кихот,8-(801)-285-70-65
Волшебная флейта,8-(801)-209-68-84
Спартак,+88064704155
Норма,8801-245-56-96
Травиата,8-804-361-28-05
Ночь перед Рождеством,8-803-5355676
Спартак,8-805-459-47-19
Спартак,8-(807)-985-85-74
Кошки,88076928672
Евгений Онегин,+88056925285
Спартак,8-(801)-177-92-72
Евгений Онегин,+88039759402
Норма,8-806-2022139
Юнона и Авось,8805-881-61-23
Севильский цирюльник,8-805-1586766
Риголетто,+88058644710
Лебединое озеро,8-803-2081729
Риголетто,88023219394
Ночь перед Рождеством,8803-196-65-97
Травиата,8-(806)-755-63-68
Спящая красавица,8-803-147-37-97
Евгений Онегин,+88018885750
Аида,88036877416
Кармен,8-801-684-64-66
Лебединое озеро,8-806-631-78-54
Евгений Онегин,88056060826
Севильский цирюльник,+88011194647
Юнона и Авось,88056054198
Ла-Ла Ленд,8-801-440-10-05
Юнона и Авось,8-805-772-46-42
Лебединое озеро,8-803-570-77-17
Кармен,8-802-8819989
Дон Кихот,+88066007010
Свадьба Фигаро,8-805-6142793
Свадьба Фигаро,8-(804)-770-47-87
Вестсайдская история,8-803-615-50-91
Севильский цирюльник,88046136513
Волшебная флейта,8807-475-90-01
Спящая красавица,88036424431
Кошки,8806-721-95-94
Кармен,88078538760
Todd,8-(804)-981-17-20
Севильский цирюльник,+88051490871
Лебединое озеро,88038700689
Кошки,8802-524-37-91
Севильский цирюльник,8-804-948-67-71
Todd,8-801-1452128
Севильский цирюльник,8-801-820-37-58
Спящая красавица,8-(801)-930-05-49
Ночь перед Рождеством,8803-998-90-48
Жизель,8807-486-22-65
Ночь перед Рождеством,8-801-209-68-84
Спящая красавица,8-806-4160086
Щелкунчик,8-(801)-566-49-99
Риголетто,8-804-3060599
Кошки,+88043431208
Todd,8-802-253-72-00
Ночь перед Рождеством,+88016463182
Лебединое озеро,8-807-5944109
Норма,8-(803)-275-49-50
Щелкунчик,+88028698412
Ла-Ла Ленд,8805-800-00-89
Аида,+8804airport
Жизель,8-(803)-570-98-21
Чикаго,8804-171-46-13
Лебединое озеро,8-803-5150606
Спартак,88059714247
Норма,8-805-291-01-66
Лебединое озеро,8801-202-43-33
Свадьба Фигаро,8801-518-45-70
Чикаго,88072732146
Юнона и Авось,8-802-681-66-36
Кошки,8-805-6600996
Вестсайдская история,8-(807)-355-06-51
Лебединое озеро,8-806-1203775
Свадьба Фигаро,8801-507-73-77
Жизель,+88063143609
Todd,8-(802)-263-45-78
Юнона и Авось,+88057186689
Спящая красавица,8807-955-64-23
Спящая красавица,8-(804)-343-12-08
Норма,8-(807)-639-77-15
Юнона и Авось,8-803-8168046
Спартак,8801-149-64-21
Ночь перед Рождеством,8-(806)-202-21-39
Риголетто,8-807-714-35-17
Todd,8-802-7291453
Ночь перед Рождеством,8-807-661-63-61
Todd,8806-665-80-31
Дон Кихот,8-802-945-15-18
Ночь перед Рождеством,8-802-3384150
Todd,8803-200-19-14
Щелкунчик,8807-355-06-51
Севильский цирюльник,8805-643-35-79
Дон Кихот,8-803-573-92-18
Ла-Ла Ленд,88043123562
Todd,88042536412
Кармен,8801-990-31-45
Кармен,8-(801)-642-30-77
Кармен,8-805-279-23-56
Юнона и Авось,8803network
Риголетто,8802-946-78-75
Евгений Онегин,+88057970698
Кошки,+88032693990
Щелкунчик,8803-102-17-64
Юнона и Авось,8802-729-91-32
Ночь перед Рождеством,+88023094535
Евгений Онегин,88052910166
Todd,8-805-642-60-71
Свадьба Фигаро,8-802-1647109
Волшебная флейта,8-801-292-67-57
Лебединое озеро,88071857260
Ромео и Джульетта,8-(801)-231-01-56
Кошки,8801-760-11-44
Кармен,+88019343353
Норма,+88023567394
Спящая красавица,8-804-9273841
Севильский цирюльник,+88017630091
Кошки,+88078481460
Кармен,8-(806)-578-19-91
Риголетто,8802-948-79-99
Нотр-Дам де Пари,8802-462-01-23
Ночь перед Рождеством,8-801-208-23-97
Евгений Онегин,88012857065
Севильский цирюльник,8-802-296-00-70
Кармен,+88041520729
Лебединое озеро,8-(807)-564-68-59
Волшебная флейта,8-803-2431874
Спящая красавица,8803-183-50-78
Ночь перед Рождеством,8-805-127-70-29
Травиата,+88063165491
Аида,8804-518-20-83
Ла-Ла Ленд,8-805-7133733
Кармен,8-805-1845926
Кошки,8802-530-57-14
Лебединое озеро,88052193456
Вестсайдская история,88057724642
Спящая красавица,8-803-7466801
Аида,88027517001
Риголетто,8801-820-37-58
Вестсайдская история,88049592022
Кошки,8-801-6648497
Щелкунчик,+88062933267
Кармен,8807-661-49-52
Ночь перед Рождеством,8-802-770-22-38
Юнона и Авось,8-806-629-91-04
Баядерка,8-801-3222024
Евгений Онегин,8805-401-94-90
Свадьба Фигаро,+88077071065
Спартак,8807-362-25-69
Вестсайдская история,88074846675
Кармен,+88046132722
Кармен,8-(802)-963-38-77
Кошки,8-803-102-17-64
Риголетто,+88028718008
Todd,8-(801)-553-56-23
Дон Кихот,88063670214
Жизель,+88018126840
Евгений Онегин,8801-132-99-82
Евгений Онегин,8806-216-56-55
Севильский цирюльник,8-805-317-78-59
Кармен,+88053586423
Кармен,8-803-510-61-08
Севильский цирюльник,+88049353654
Свадьба Фигаро,+88046488557
Евгений Онегин,88062933267
Вестсайдская история,+88025366581
Травиата,8-806-913-56-29
Спящая красавица,8-807-481-28-01
Дон Кихот,8-(803)-621-32-14
Аида,8-804-602-99-64
Дон Кихот,8-805-6427836
Кармен,8804-289-41-65
Вестсайдская история,88077708469
Юнона и Авось,+88029369744
Свадьба Фигаро,8-(802)-315-59-00
Нотр-Дам де Пари,+88071857260
Евгений Онегин,+88046280449
Ла-Ла Ленд,8803-403-21-85
Кошки,8-(801)-443-38-88
Севильский цирюльник,+88033692968
Евгений Онегин,8-(803)-366-27-20
Спящая красавица,8802-139-24-13
Свадьба Фигаро,8-804-6029964
Норма,88055055547
Ночь перед Рождеством,88076616361
Травиата,+8802program
Евгений Онегин,8-806-600-70-10
Чикаго,8-(806)-665-43-74
Травиата,8-(801)-380-75-88
Кармен,8-807-140-80-36
Норма,88015184570
Ромео и Джульетта,8-801-3398654
Жизель,8-801-1329982
Кошки,8-806-665-43-74
Вестсайдская история,8-805-988-25-42
Кармен,+88058174249
Ночь перед Рождеством,8-801-2107037
Спящая красавица,88079917870
Севильский цирюльник,8-(801)-143-60-75
Спартак,+88052747626
Щелкунчик,8807-617-53-86
Норма,+88017249300
Кошки,8801-423-86-70
Спартак,8-802-6470936
Травиата,88022368490
Спящая красавица,88071100334
Жизель,88052267363
Лебединое озеро,8-807-925-45-30
Todd,8-803-network
Ла-Ла Ленд,8-801-448-45-72
Норма,8-802-793-10-28
Евгений Онегин,8-(802)-739-44-15
Севильский цирюльник,8807-879-53-22
Кармен,8-806-894-97-13
Спартак,+88031903653
Нотр-Дам де Пари,88078776708
Травиата,8-(801)-533-90-37
Норма,8805license
Травиата,8-805-9559654
Todd,+88079243048
Севильский цирюльник,8801-831-40-89
Щелкунчик,8-(801)-983-18-21
Кармен,8-801-149-64-21
Щелкунчик,8802-988-27-69
Норма,8-(805)-720-78-59
Кошки,88044445792
Севильский цирюльник,8-803-6666561
Травиата,8-804-653-32-69
Вестсайдская история,8-(805)-917-20-03
Евгений Онегин,8-803-183-50-78
Севильский цирюльник,88024669618
Норма,88016648497
Ночь перед Рождеством,8-803-4201521
Ночь перед Рождеством,8802-415-93-62
Спящая красавица,8-(802)-770-22-38
Евгений Онегин,88066554585
Ночь перед Рождеством,+88053880623
Спящая красавица,8-(807)-346-43-51
Дон Кихот,88071940930
Ромео и Джульетта,8-805-1528364
Севильский цирюльник,8806-336-93-74
Todd,8-803-867-54-99
Todd,88066115651
Кармен,8-(802)-923-10-06
Кармен,8802-944-02-86
Спящая красавица,88011996769
Спартак,88011779272
Спящая красавица,8802-943-47-37
Спящая красавица,8-802-462-01-23
Риголетто,8-(805)-772-46-42
Спящая красавица,8804-770-47-87
Кармен,8803-508-70-59
Свадьба Фигаро,+88039278754
Риголетто,8-801-530-92-67
Дон Кихот,8801-178-43-98
Дон Кихот,8-806-2336103
Кармен,8-807-9745761
Нотр-Дам де Пари,8-807-8004305
Кармен,88062336103
Норма,8-801-3616327
Кармен,+88072743299
Дон Кихот,+88064667667
Ла-Ла Ленд,8-807-830-08-23
Юнона и Авось,+88042737140
Баядерка,8804-808-39-25
Севильский цирюльник,+88036666561
Todd,8-802-3438464
Ночь перед Рождеством,8-(803)-867-54-99
Жизель,8803-151-38-45
Спящая красавица,8-803-687-74-16
Волшебная флейта,88044324437
Щелкунчик,8-803-466-42-93
Ночь перед Рождеством,8805-152-83-64
Ла-Ла Ленд,8-802-4159362
Севильский цирюльник,8-804-523-75-36
Свадьба Фигаро,8-801-242-25-07
Ла-Ла Ленд,88069476384
Норма,+88049258546
Нотр-Дам де Пари,88067186369
Риголетто,8-(803)-858-95-33
Ла-Ла Ленд,8-806-6022754
Риголетто,8-(804)-927-38-41
Todd,88033754740
Евгений Онегин,8-801-9330163
Чикаго,88017630091
Спартак,8-806-3655277
Кошки,8802-406-73-60
Кармен,8-806-693-13-12
Ла-Ла Ленд,88051611692
Дон Кихот,88027299132
Юнона и Авось,8-(801)-138-34-71
Дон Кихот,88078237492
Риголетто,8-804-6800743
Todd,8-(805)-401-94-90
Риголетто,88032515124
Волшебная флейта,8802-263-45-78
Норма,8-(802)-681-66-36
Вестсайдская история,8802-618-97-14
Волшебная флейта,8-(803)-486-33-55
Спящая красавица,8-806-416-00-86
Спартак,8-801-552-65-13
Евгений Онегин,8-803-2806878
Волшебная флейта,88074759001
Нотр-Дам де Пари,8-(801)-448-15-74
Лебединое озеро,8-805-993-62-91
Волшебная флейта,8802-369-16-88
Дон Кихот,8803-617-13-53
Баядерка,8-804-951-33-10
Чикаго,8-805-6421891
Юнона и Авось,88057047816
Риголетто,88074322570
Волшебная флейта,8-804-5182083
Спящая красавица,88079254530
Вестсайдская история,8-(805)-947-02-71
Ла-Ла Ленд,88037820759
Норма,8-804-369-15-39
Лебединое озеро,8-806-409-32-50
Todd,8-806-8355089
Чикаго,8804-850-11-25
Лебединое озеро,+88042894165
Кошки,8802-774-90-53
Кармен,+88067562861
Травиата,+88047704787
Ла-Ла Ленд,8-804-444-57-92
Норма,88024477791
Севильский цирюльник,8-802-9264576
Волшебная флейта,88058644710
Жизель,88059131715
Кармен,+88019903145
Юнона и Авось,+88078237492
Спартак,88012776755
Нотр-Дам де Пари,8806-755-63-68
Ла-Ла Ленд,8-807-692-43-16
Жизель,+88019549359
Нотр-Дам де Пари,88019037183
Аида,8806-254-50-01
Спящая красавица,8-801-7291208
Евгений Онегин,8804-640-91-65
Вестсайдская история,8-(801)-175-67-85
Лебединое озеро,8-802-4345474
Todd,+88079253358
Спящая красавица,8-(802)-434-54-74
Ла-Ла Ленд,8-(802)-376-92-96
Спящая красавица,8-(807)-783-81-36
Кармен,8-802-1724482
Дон Кихот,+88037820759
Ла-Ла Ленд,8-(806)-248-78-77
Ночь перед Рождеством,8804-648-49-41
Лебединое озеро,8805-507-17-55
Todd,88066299104
Ла-Ла Ленд,88061783613
Спартак,+88027627244
Лебединое озеро,88023274631
Евгений Онегин,8-802-881-99-89
Спящая красавица,88042158216
Травиата,8-802-2634578
Кармен,8-805-610-99-13
Дон Кихот,88078795322
Дон Кихот,8-(804)-490-49-40
Свадьба Фигаро,88072420422
Юнона и Авось,8-803-782-07-59
Щелкунчик,8-802-8269138
Ромео и Джульетта,8-(804)-850-11-25
Баядерка,8-807-563-84-39
Спящая красавица,88022319484
Кармен,8-805-158-67-66
Севильский цирюльник,88045793492
Ночь перед Рождеством,8-801-632-98-04
Риголетто,8-(807)-404-16-18
Спартак,+88024771126
Кармен,8-805-627-57-24
Дон Кихот,8-803-558-70-61
Волшебная флейта,88073305057
Ла-Ла Ленд,8804-917-35-15
Риголетто,8-806-7209060
Ночь перед Рождеством,8802-590-70-27
Севильский цирюльник,88034210919
Жизель,8-(807)-661-49-52
Риголетто,8-(807)-523-28-68
Кармен,8803-443-75-08
Todd,8-(802)-168-15-06
Волшебная флейта,8-805-4589225
Евгений Онегин,88012082397
Баядерка,8-806-3165491
Аида,88059470271
Ла-Ла Ленд,88036539868
Спящая красавица,+88011312166
Todd,+88049173515
Кошки,88074405097
Риголетто,8-802-4614224
Баядерка,+88076166517
Дон Кихот,+88036675439
Нотр-Дам де Пари,8-803-280-68-78
Юнона и Авось,8804-470-86-00
Волшебная флейта,8-804-8704958
Кошки,8801-440-10-05
Ночь перед Рождеством,8-(806)-456-18-80
Севильский цирюльник,8-807-4322570
Кошки,8-805-642-18-91
Аида,88034863355
Todd,8-(801)-787-99-13
Кармен,8803-993-46-54
Todd,88027375759
Ночь перед Рождеством,+88052232896
Кошки,8-802-650-64-76
Волшебная флейта,8-801-2455696
Баядерка,8-805-8958053
Травиата,8-801-6613450
Дон Кихот,8-802-434-54-74
Спящая красавица,+88062022139
Todd,8-805-956-19-10
Щелкунчик,8805-642-60-71
Жизель,8804-384-15-36
Кошки,88066704088
Спартак,8-803-1903653
Норма,8-(802)-252-04-62
Ромео и Джульетта,8-805-750-78-34
Вестсайдская история,8-806-3143609
Ромео и Джульетта,8-(807)-800-43-05
Аида,8-803-8375249
Todd,+88021395851
Ромео и Джульетта,8-(807)-949-04-61
Юнона и Авось,88054589225
Жизель,8804-653-32-69
Севильский цирюльник,+88049772712
Спартак,8-(807)-602-61-96
Кармен,8-(802)-311-48-72
Норма,8-807-855-04-16
Ночь перед Рождеством,+88019330163
Щелкунчик,8-(803)-384-72-07
Спартак,8-801-6909102
Ла-Ла Ленд,8806-487-17-65
Спартак,8-(801)-200-22-23
Юнона и Авось,+88011996769
Евгений Онегин,8-(803)-799-87-61
Аида,8-805-308-93-74
Севильский цирюльник,+88048333237
Спартак,8-(805)-152-83-64
Норма,88057336906
Спартак,8-807-3622569
Баядерка,8804-681-01-25
Ромео и Джульетта,8-804-803-66-13
Кармен,8-806-9764858
Норма,8-807-527-36-34
Ла-Ла Ленд,8-805-149-08-71
Свадьба Фигаро,8807-706-66-31
Ночь перед Рождеством,8-802-3778107
Свадьба Фигаро,8-(804)-342-91-06
Ла-Ла Ленд,+88013468599
Ла-Ла Ленд,8-801-3175928
Баядерка,8803-535-56-76
Баядерка,8-802-936-97-44
Риголетто,8-(802)-939-45-89
Спящая красавица,8-(807)-110-03-34
Вестсайдская история,8-806-6379298
Жизель,8-805-874-65-03
Волшебная флейта,8-807-8252461
Севильский цирюльник,8802-849-82-57
Кармен,+88037424380
Норма,8-803-1581523
Вестсайдская история,8-(803)-495-63-01
Кармен,88014484572
Спящая красавица,8-803-666-65-61
Риголетто,8-(804)-628-04-49
Нотр-Дам де Пари,88035371582
Норма,+88024620123
Кошки,8805-640-54-47
Ночь перед Рождеством,88046280449
Баядерка,88063677501
Дон Кихот,8-804-648-49-41
Спящая красавица,8-(802)-574-25-36
Todd,+88021681506
Ночь перед Рождеством,88066931312
Ла-Ла Ленд,+88057507834
Севильский цирюльник,+88078795322
Севильский цирюльник,8-805-5324330
Лебединое озеро,8-806-475-44-39
Волшебная флейта,8-802-762-72-44
Спартак,8-(801)-682-95-13
Кармен,8803-363-27-27
Свадьба Фигаро,8804-529-56-15
Todd,8-802-758-41-17
Нотр-Дам де Пари,8803-178-49-40
Аида,+88012725519
Ночь перед Рождеством,88064160086
Дон Кихот,8807-194-09-30
Кошки,8-(805)-379-30-73
Ла-Ла Ленд,8-806-869-82-91
Норма,+88058811765
Дон Кихот,+88059159221
Кошки,88055071755
Волшебная флейта,8-801-618-71-37
Евгений Онегин,88035087059
Риголетто,8-804-1864939
Норма,88061809660
Волшебная флейта,8-(804)-230-37-47
Кармен,88064667667
Todd,8-(805)-459-47-19
Кармен,8-806-6299104
Травиата,8-(807)-177-93-67
Ромео и Джульетта,+88025305714
Кошки,8-(803)-420-15-21
Норма,+88053658194
Лебединое озеро,8-(804)-306-05-99
Севильский цирюльник,8805-660-09-96
Спящая красавица,8-(802)-650-64-76
Баядерка,8-(804)-703-61-20
Ла-Ла Ленд,8-805-8811765
Ночь перед Рождеством,8-802-5285222
Лебединое озеро,8-807-418-96-39
Севильский цирюльник,8-(807)-834-42-98
Юнона и Авось,8-801-9037183
Кошки,+88043429106
Норма,8-806-4082087
Кошки,8-805-720-78-59
Спартак,8-(804)-787-44-59
Todd,8-804-436-05-36
Ла-Ла Ленд,8-(805)-317-48-77
Юнона и Авось,8-802-3057838
Кармен,+88043918716
Травиата,+88066299104
Спящая красавица,8-(805)-193-42-45
Todd,+88046228486
Волшебная флейта,88028912040
Спящая красавица,+88079254530
Ла-Ла Ленд,88029394589
Ла-Ла Ленд,+88013398654
Севильский цирюльник,8-(802)-461-42-24
Кармен,8-806-4704155
Севильский цирюльник,+88047591672
Спящая красавица,8-(804)-136-60-46
Чикаго,8-804-8453102
Евгений Онегин,8-(804)-207-50-63
Риголетто,88079032876
Щелкунчик,88064054906
Севильский цирюльник,8-801-8126840
Жизель,8-806-9280128
Норма,88076026196
Ла-Ла Ленд,8-804-667-16-12
Нотр-Дам де Пари,8-801-academy
Евгений Онегин,8-(805)-388-06-23
Риголетто,8-807-110-03-34
Спартак,88049486771
Вестсайдская история,8803-515-06-06
Аида,8807-754-48-28
Ла-Ла Ленд,8-806-314-36-09
Аида,8-(802)-637-37-72
Волшебная флейта,8-801-6829513
Спящая красавица,8802-939-45-89
Баядерка,8-(802)-900-79-32
Юнона и Авось,+88074812801
Волшебная флейта,88051845926
Норма,8-804-295-68-60
Нотр-Дам де Пари,8-802-406-42-25
Лебединое озеро,8-805-3880623
Ромео и Джульетта,88055318282
Ла-Ла Ленд,8-804-3918716
Спартак,8-804-1714613
Севильский цирюльник,8-805-6054198
Кошки,+88045793492
Нотр-Дам де Пари,+88072145188
Спящая красавица,88029747337
Ла-Ла Ленд,8804-720-03-76
Спящая красавица,8-801-2725519
Норма,88058427709
Кармен,+88036269605
Травиата,8803-839-46-46
Нотр-Дам де Пари,8805-839-49-28
Чикаго,8804-927-38-41
Риголетто,8-801-617-17-68
Евгений Онегин,88062954285
Свадьба Фигаро,+88047833543
Лебединое озеро,8807-185-72-60
Норма,+88046255631
Щелкунчик,8-(803)-667-37-18
Свадьба Фигаро,8-(805)-170-54-78
Свадьба Фигаро,8807-845-06-15
Спящая красавица,8-806-2954285
Баядерка,88079243048
Лебединое озеро,8-805-6426071
Севильский цирюльник,88027967234
Спящая красавица,8803-510-61-08
Ромео и Джульетта,8-(804)-444-57-92
Жизель,+88026189714
Баядерка,8804-278-42-43
Todd,8807-692-43-16
Todd,+88056600996
Кошки,8-(804)-890-13-73
Кармен,88053538888
Ночь перед Рождеством,88071688630
Ночь перед Рождеством,8-803-1473797
Ромео и Джульетта,+88058711578
Волшебная флейта,8-(804)-948-67-71
Ла-Ла Ленд,8-802-3371925
Норма,8-807-7439193
Юнона и Авось,+88045182083
Евгений Онегин,8-807-346-43-51
Риголетто,8-803-839-46-46
Чикаго,8-806-1442330
Евгений Онегин,+88011878526
Чикаго,8-803-8700689
Евгений Онегин,8801-209-68-84
Евгений Онегин,+88065113430
Ночь перед Рождеством,8-805-2500133
Риголетто,88011194647
Юнона и Авось,8-803-5587061
Свадьба Фигаро,8-801-712-36-39
Щелкунчик,8-804-858-01-98
Жизель,88048621560
Риголетто,8-807-970-35-49
Todd,8-807-924-30-48
Спящая красавица,8-(804)-358-03-80
Щелкунчик,88016829513
Ла-Ла Ленд,8806-600-70-10
Норма,88059936291
Кошки,+88059266391
Лебединое озеро,8-801-443-38-88
Жизель,+88042763736
Свадьба Фигаро,+88069280128
Дон Кихот,8-801-6518855
Севильский цирюльник,88033746201
Спящая красавица,8804-215-82-16
Нотр-Дам де Пари,8-(804)-471-71-43
Спартак,+88042303747
Дон Кихот,8-801-2459437
Баядерка,88047200376
Юнона и Авось,8805-370-61-06
Спящая красавица,8806tickets
Севильский цирюльник,8-807-8450615
Свадьба Фигаро,+88013680490
Жизель,+8801academy
Чикаго,88074041618
Риголетто,8-802-8240632
Травиата,88031473023
Норма,+88067441298
Жизель,8-804-7296368
Кошки,8803-687-74-16
Кошки,8806-884-62-30
Лебединое озеро,8-806-756-28-61
Спящая красавица,8-805-7425200
Риголетто,+88072732146
Todd,8807-830-43-66
Свадьба Фигаро,8801-812-68-40
Жизель,8-805-6413400
Волшебная флейта,8-(806)-316-54-91
Лебединое озеро,8-(807)-630-19-58
Кармен,8-801-463-98-26
Вестсайдская история,8-(802)-477-11-26
Спартак,88043100639
Лебединое озеро,88028271935
Дон Кихот,88014069274
Ла-Ла Ленд,88019283586
Риголетто,8-(802)-739-43-62
Норма,8-801-1496421
Чикаго,8-(801)-531-12-17
Ночь перед Рождеством,8-807-576-66-87
Чикаго,88065881351
Todd,+88046409165
Спящая красавица,+88024159362
Свадьба Фигаро,8-(806)-600-70-10
Риголетто,+88026373772
Юнона и Авось,8807-770-84-69
Баядерка,+88011670604
Кармен,8-(805)-874-65-03
Риголетто,8-801-302-73-34
Спящая красавица,+88079517242
Норма,8-(806)-138-98-98
Кошки,8-805-618-65-11
Кармен,8-801-339-86-54
Щелкунчик,+88068467866
Свадьба Фигаро,8-(803)-536-02-27
Спартак,8-(806)-431-43-51
Спящая красавица,8-(801)-724-93-00
Спартак,8-802-530-57-14
Спящая красавица,8-804-6312323
Кошки,8-802-139-24-13
Кармен,88031812341
Ла-Ла Ленд,+88058427709
Ромео и Джульетта,8-804-770-47-87
Аида,8807-383-91-23
Риголетто,8-(806)-588-13-51
Норма,8-(801)-162-69-80
Севильский цирюльник,8-802-783-47-96
Нотр-Дам де Пари,88059230593
Спящая красавица,8-807-2145188
Спартак,8-804-518-20-83
Севильский цирюльник,8-804-730-07-38
Дон Кихот,8-(807)-356-69-30
Ночь перед Рождеством,+88012002223
Юнона и Авось,8-806-254-50-01
Кошки,+88043740744
Кошки,8-806-846-78-66
Евгений Онегин,88074102063
Свадьба Фигаро,8-806-7207843
Баядерка,8802-231-94-84
Нотр-Дам де Пари,88036285736
Ночь перед Рождеством,88043691539
Спящая красавица,8-807-4015703
Нотр-Дам де Пари,8-(807)-194-09-30
Лебединое озеро,8-805-742-52-00
Лебединое озеро,8-803-6675439
Юнона и Авось,8-(801)-463-98-26
Евгений Онегин,8-(807)-516-57-09
Аида,88027650553
Баядерка,8-(802)-779-16-56
Todd,8805-379-30-73
Волшебная флейта,8804-207-50-63
Todd,8802-653-32-64
Ночь перед Рождеством,8-805-8900594
Кошки,+88048621560
Риголетто,8803-642-44-31
Кошки,8801-724-93-00
Риголетто,+88029231006
Ночь перед Рождеством,+88054788618
Дон Кихот,8-(807)-131-33-16
Ла-Ла Ленд,8-801-494-27-40
Жизель,8-(801)-292-03-89
Лебединое озеро,88037026140
Todd,+88022319484
Ночь перед Рождеством,8805-219-34-56
Ночь перед Рождеством,8-(806)-144-23-30
Норма,8-806-7562861
Ночь перед Рождеством,8802-932-84-14
Спящая красавица,8807-853-87-60
Волшебная флейта,8-807-244-49-86
Спящая красавица,8-805-6405447
Ночь перед Рождеством,+88046029964
Дон Кихот,8-805-553-16-55
Севильский цирюльник,8-803-8589533
Жизель,8806-947-63-84
Евгений Онегин,+88047643453
Травиата,+88036539868
Севильский цирюльник,+88049053259
Аида,+88064314351
Щелкунчик,8-(802)-527-60-61
Todd,8802-461-42-24
Травиата,8-806-3677501
Аида,8-803-7465314
Аида,8-801-508-38-47
Спартак,8-802-944-02-86
Риголетто,8-805-917-20-03
Ночь перед Рождеством,+88037466801
Todd,8-802-247-18-39
Нотр-Дам де Пари,8806-637-92-98
Баядерка,+88078509550
Вестсайдская история,8-(801)-545-96-82
Ночь перед Рождеством,+88044685928
Спящая красавица,8-807-8538760
Щелкунчик,8-804-7833543
Евгений Онегин,88075140223
Кошки,8-(801)-339-86-54
Ла-Ла Ленд,88076175386
Риголетто,88042205945
Спящая красавица,8-806-9135629
Ла-Ла Ленд,8-803-255-76-20
Кошки,8-807-3008271
Норма,8-802-138-49-57
Кармен,+88034664293
Юнона и Авось,8-806-3630024
Баядерка,+88048181812
Жизель,8801-167-06-04
Лебединое озеро,88025742536
Ромео и Джульетта,8-(805)-158-67-66
Дон Кихот,8-807-468-11-51
Норма,8-803-850-55-65
Todd,8802-343-84-64
Спартак,8-806-178-36-13
Лебединое озеро,8806-869-82-91
Нотр-Дам де Пари,8-801-283-85-51
Ромео и Джульетта,+88055622965
Кошки,88077552037
Свадьба Фигаро,88044957953
Волшебная флейта,+88066704088
Жизель,8-807-692-86-72
Кармен,8-807-366-89-15
Нотр-Дам де Пари,8-804-384-15-36
Волшебная флейта,8-(804)-730-07-38
Жизель,8-(807)-830-43-66
Вестсайдская история,8-804-6280449
Щелкунчик,8-(803)-687-74-16
Ла-Ла Ленд,+88067219594
Спящая красавица,8-801-200-22-23
Спящая красавица,8-(804)-226-51-36
Ла-Ла Ленд,+88031812341
Вестсайдская история,+88012627579
Ромео и Джульетта,8-804-8895458
Нотр-Дам де Пари,8-(803)-782-07-59
Норма,8-(807)-274-32-99
Ночь перед Рождеством,8-804-6409165
Ла-Ла Ленд,8-(803)-669-63-73
Todd,+88012057310
Todd,8-(802)-356-73-94
Ла-Ла Ленд,8-(805)-317-62-64
Вестсайдская история,8-803-3407931
Юнона и Авось,+88018683578
Аида,88015898813
Севильский цирюльник,8-805-864-47-10
Todd,88055880998
Риголетто,8-801-9343353
Севильский цирюльник,8806-720-78-43
Лебединое озеро,88032048258
Спящая красавица,+88033754740
Спартак,8-801-199-67-69
Спартак,8-(801)-552-65-13
Чикаго,8-(805)-317-78-59
Дон Кихот,8805-971-42-47
Лебединое озеро,8802-783-47-96
Севильский цирюльник,8-807-8923447
Евгений Онегин,8806-270-33-78
Юнона и Авось,88053880623
Todd,8-(803)-178-49-40
Дон Кихот,8-(806)-639-81-69
Свадьба Фигаро,8-804-697-16-25
Todd,+88057336906
Кошки,8-801-436-22-34
Жизель,8-801-531-12-17
Ночь перед Рождеством,8805-531-82-82
Травиата,8-803-4804446
Ночь перед Рождеством,8-805-8394928
Юнона и Авось,8-803-190-87-59
Кошки,8804-341-45-41
Дон Кихот,88074380769
Спартак,88016423077
Кармен,88067150251
Риголетто,8-807-1857260
Севильский цирюльник,8-803-888-49-66
Ла-Ла Ленд,8-806-8846230
Ла-Ла Ленд,8-805-9936291
Ночь перед Рождеством,8801-210-70-37
Норма,88047349439
Спартак,8807-899-48-76
Ла-Ла Ленд,8-(802)-618-97-14
Юнона и Авось,8802-692-33-71
Вестсайдская история,+88041714613
Ромео и Джульетта,8-806-1749714
Дон Кихот,8-(807)-162-11-11
Кармен,8-803-1735033
Норма,8-803-7301529
Ночь перед Рождеством,8-(801)-955-94-98
Юнона и Авось,8-(803)-490-76-53
Спящая красавица,8805-317-48-77
Спящая красавица,8-(802)-758-41-17
Норма,+88017364037
Кошки,8-(807)-576-66-87
Лебединое озеро,8802-194-14-79
Севильский цирюльник,8-(804)-834-71-65
Дон Кихот,+88078252461
Спящая красавица,8-804-1487949
Ночь перед Рождеством,8-801-955-94-98
Жизель,8-(804)-874-63-61
Свадьба Фигаро,8-(806)-637-92-98
Кошки,8-(806)-630-81-80
Лебединое озеро,88056517647
Риголетто,8801-456-53-12
Кармен,8807-963-32-62
Дон Кихот,8-804-495-79-53
Юнона и Авось,+88026907660
Баядерка,8-(806)-840-07-17
Ночь перед Рождеством,88059559654
Евгений Онегин,88051318414
Ночь перед Рождеством,8-(807)-116-62-87
Ночь перед Рождеством,8801-380-75-88
Ночь перед Рождеством,88029880529
Ночь перед Рождеством,8-805-5782880
Кармен,8-807-602-61-96
Норма,8-805-193-42-45
Аида,8-(807)-437-92-39
Ла-Ла Ленд,8-801-5882916
Травиата,8-(801)-933-01-63
Вестсайдская история,8805-947-02-71
Аида,8-(807)-244-49-86
Лебединое озеро,88056421891
Кошки,8-806-6171005
Евгений Онегин,8-805-793-92-65
Чикаго,8801-552-65-13
Лебединое озеро,8-(805)-291-01-66
Евгений Онегин,+88024477791
Ла-Ла Ленд,8803-466-42-93
Свадьба Фигаро,8-(805)-578-28-80
Ромео и Джульетта,8-(807)-920-08-30
Кошки,8-806-2543687
Ла-Ла Ленд,+88051545139
Лебединое озеро,8-802-1395851
Дон Кихот,8-807-768-52-70
Ночь перед Рождеством,8-804-139-71-52
Юнона и Авось,8-806-827-16-03
Аида,8-(805)-165-72-50
Todd,8-805-1790111
Жизель,+88078344298
Ла-Ла Ленд,88012002223
Кошки,88058816123
Спартак,88073566930
Дон Кихот,8-807-834-42-98
Травиата,8-802-588-66-50
Кармен,88036673718
Спартак,88074015703
Спартак,8804-648-85-57
Спящая красавица,8-804-1366046
Кармен,88072287804
Дон Кихот,8-807-553-37-45
Щелкунчик,88049852342
Норма,8-805-702-26-44
Жизель,8-(807)-446-30-90
Риголетто,+88025243791
Евгений Онегин,8803-209-99-00
Юнона и Авось,8-(805)-651-76-47
Лебединое озеро,8-802-9742082
Севильский цирюльник,8-807-6616361
Кармен,8-805-562-29-65
Щелкунчик,8-805-2451829
Чикаго,8-(804)-341-45-41
Норма,88044717143
Todd,88026767549
Юнона и Авось,+88072444986
Травиата,8804-622-84-86
Спящая красавица,8-(802)-205-41-16
Кошки,88034956301
Лебединое озеро,8-807-5533745
Ночь перед Рождеством,8-804-6200424
Риголетто,8-(807)-823-74-92
Ночь перед Рождеством,+88066022754
Жизель,8803-384-72-07
Евгений Онегин,8-801-380-75-88
Лебединое озеро,8802-985-66-07
Риголетто,8-(801)-317-59-28
Лебединое озеро,8-804-9592022
Спартак,88022537200
Лебединое озеро,8-(804)-171-46-13
Волшебная флейта,+88074862265
Севильский цирюльник,8-(805)-692-52-85
Юнона и Авось,8802-746-88-16
Вестсайдская история,88076166517
Ла-Ла Ленд,8-(804)-495-82-30
Дон Кихот,8-(805)-478-86-18
Травиата,88056925285
Вестсайдская история,+88034632187
Риголетто,8-806-1215883
Вестсайдская история,+88048453102
Ночь перед Рождеством,8803-653-98-68
Спартак,8-802-3155900
Щелкунчик,+88022537200
Спартак,8803-566-60-52
Спящая красавица,8802-988-05-29
Жизель,+88014401005
Кошки,8-807-725-79-94
Лебединое озеро,8-805-8738601
Евгений Онегин,8804-563-50-75
Севильский цирюльник,8-804-6289134
Кошки,88068846230
Дон Кихот,8-805-6262437
Травиата,+88044717143
Чикаго,8-807-8304366
Риголетто,8807-214-51-88
Нотр-Дам де Пари,8-(802)-871-80-08
Травиата,88067300224
Юнона и Авось,+88029487999
Баядерка,8-(807)-588-71-49
Спящая красавица,8-(804)-276-37-36
Евгений Онегин,88035707717
Спартак,8-(801)-435-78-05
Севильский цирюльник,+88079032876
Ночь перед Рождеством,8-(805)-362-90-91
Кошки,8807-877-67-08
Риголетто,+88075273634
Ночь перед Рождеством,+88075453236
Риголетто,8-803-635-59-14
Ночь перед Рождеством,8-804-471-71-43
Лебединое озеро,8-806-5781991
Евгений Онегин,88043841536
Севильский цирюльник,8803-927-87-54
Вестсайдская история,8-803-1966597
Ромео и Джульетта,8802-200-63-69
Аида,8-807-194-09-30
Волшебная флейта,+88059936291
Баядерка,8-805-7970698
Севильский цирюльник,8-(806)-336-93-74
Дон Кихот,88071621111
Риголетто,8-802-303-51-66
Норма,8803-870-06-89
Todd,88047036120
Ночь перед Рождеством,+88075887149
Свадьба Фигаро,8806-408-20-87
Нотр-Дам де Пари,8-802-236-84-90
Нотр-Дам де Пари,8806clients
Щелкунчик,8801-566-49-99
Кошки,88016846466
Ночь перед Рождеством,8-807-726-40-86
Норма,8-805-2028799
Ночь перед Рождеством,+88056427836
Щелкунчик,88016909102
Кошки,8-(804)-905-39-09
Волшебная флейта,88064563713
Волшебная флейта,+88026326987
Todd,+88054019490
Todd,8-802-988-27-69
Свадьба Фигаро,8804-358-03-80
Юнона и Авось,+88029880529
Нотр-Дам де Пари,8-(802)-676-75-49
Риголетто,88014942740
Риголетто,8802-974-73-37
Севильский цирюльник,88024290711
Кармен,8-802-318-47-39
Спартак,+88046800743
Свадьба Фигаро,+88073668915
Севильский цирюльник,8-(805)-131-84-14
Todd,8-803-8170246
Спящая красавица,8-803-2436843
Спящая красавица,88078450615
Лебединое озеро,8803-680-93-12
Юнона и Авось,88053991107
Севильский цирюльник,+88058816123
Спящая красавица,88027423140
Ромео и Джульетта,88023398538
Кошки,8-(807)-367-96-78
Волшебная флейта,8802-637-37-72
Дон Кихот,8-807-899-48-76
Чикаго,8805-385-33-36
Ночь перед Рождеством,8805-793-18-15
Ла-Ла Ленд,88033847207
Кармен,+88044958230
Травиата,88054197048
Спартак,88048267600
Вестсайдская история,8-804-681-01-25
Юнона и Авось,+88053706106
Аида,8-803-2342375
Кошки,88047833543
Спартак,8804-733-33-78
Ла-Ла Ленд,8-(804)-523-75-36
Ночь перед Рождеством,8805-955-96-54
Todd,8807-884-00-80
Аида,88027713856
Спартак,8-802-369-16-88
Дон Кихот,8-(801)-915-47-62
Спящая красавица,8-805-3174877
Спящая красавица,+88035355676
Спящая красавица,8-805-226-73-63
Евгений Онегин,8801-955-94-98
Дон Кихот,8-(801)-676-00-55
Чикаго,8-806-6905711
Спартак,+88019831821
Ла-Ла Ленд,8807-714-35-17
Ла-Ла Ленд,8-(801)-283-85-51
Кармен,8-803-1137498
Норма,8802-235-30-28
Ла-Ла Ленд,8-803-617-13-53
Спартак,8805-459-47-19
Аида,+88052451829
Жизель,8807-110-03-34
Риголетто,8-805-309-43-18
Ночь перед Рождеством,+88034201521
Норма,88015535623
Лебединое озеро,8-804-648-85-57
Спящая красавица,8-801-933-01-63
Нотр-Дам де Пари,+88079085626
Кошки,88031835078
Чикаго,8806-138-98-98
Юнона и Авось,88076397715
Евгений Онегин,8801-604-19-77
Кошки,8-(805)-625-63-73
Нотр-Дам де Пари,88046255631
Кошки,8804-290-29-90
Лебединое озеро,8-(803)-615-50-91
Щелкунчик,8-803-5371582
Жизель,88065113430
Кошки,8-805-5159321
Вестсайдская история,8-805-6109913
Спящая красавица,8-803-178-78-71
Ромео и Джульетта,88056307119
Волшебная флейта,8806-720-90-60
Спартак,8-(801)-719-23-33
Свадьба Фигаро,88066308180
Todd,+88049632520
Вестсайдская история,+88017266573
Ночь перед Рождеством,+88078663078
Щелкунчик,+88067207843
Евгений Онегин,88064561880
Спящая красавица,+88025780678
Жизель,8-801-888-57-50
Чикаго,+88041890256
Свадьба Фигаро,8-804-4957953
Спартак,8-807-955-64-23
Ла-Ла Ленд,88065547546
Кошки,+88066554585
Юнона и Авось,8-805-272-60-81
Щелкунчик,8-(807)-855-04-16
Юнона и Авось,8-807-4116492
Кошки,88022960070
Ночь перед Рождеством,8-(807)-362-25-69
Спартак,8-802-5676050
Риголетто,8-(803)-677-41-96
Кармен,8-(806)-166-78-57
Травиата,88061389898
Риголетто,8-(803)-403-21-85
Свадьба Фигаро,8-(803)-310-52-71
Ла-Ла Ленд,+8804payment
Кошки,8803-573-92-18
Todd,8-804-6488557
Дон Кихот,8805-588-09-98
Евгений Онегин,88042160299
Todd,8-807-383-91-23
Дон Кихот,88041600944
Севильский цирюльник,8-807-617-99-30
Травиата,8806-918-97-36
Кармен,8802-328-24-02
Ла-Ла Ленд,8-806-2487877
Ночь перед Рождеством,8-802-2537200
Todd,8801-199-67-69
Дон Кихот,8801-406-92-74
Свадьба Фигаро,88029369744
Кармен,8-801-507-73-77
Нотр-Дам де Пари,8807-418-96-39
Норма,8805-704-78-16
Лебединое озеро,8-803-4437508
Жизель,+88039883353
Лебединое озеро,8-(801)-361-63-27
Щелкунчик,+88062373565
Спящая красавица,88069135629
Щелкунчик,8-801-4481574
Норма,8-805-515-93-21
Риголетто,+88015664999
Ла-Ла Ленд,88036666561
Кармен,8-802-637-37-72
Севильский цирюльник,8-(804)-602-99-64
Кошки,+88028014545
Дон Кихот,+88036809312
Евгений Онегин,88019343353
Лебединое озеро,+88026816636
Ромео и Джульетта,8-(804)-971-47-55
Севильский цирюльник,8-(801)-272-55-19
Дон Кихот,8-(802)-253-72-00
Нотр-Дам де Пари,8-806-676-18-60
Волшебная флейта,88057970698
Евгений Онегин,8803-635-59-14
Todd,8-805-643-35-79
Кармен,88026326987
Todd,88035587061
Ла-Ла Ленд,8-803-870-06-89
Дон Кихот,8-(805)-983-33-74
Севильский цирюльник,8-804-9173515
Кошки,8-(804)-112-37-72
Чикаго,8-807-8300823
Дон Кихот,8-804-290-29-90
Норма,8-801-7251342
Нотр-Дам де Пари,8-801-4097481
Риголетто,+88015526513
Ла-Ла Ленд,8-803-480-44-46
Юнона и Авось,8-803-595-96-07
Спартак,8804-391-87-16
Щелкунчик,8-803-9759402
Травиата,+88031966597
Кошки,8804-226-51-36
Ла-Ла Ленд,88045291473
Юнона и Авось,8-(803)-975-94-02
Евгений Онегин,8803-782-07-59
Евгений Онегин,+88014238670
Евгений Онегин,8803-858-95-33
Кармен,8806-730-27-24
Чикаго,88059833374
Норма,8-806-948-88-95
Дон Кихот,8-802-9487999
Нотр-Дам де Пари,88018203758
Ночь перед Рождеством,8-801-3468599
Лебединое озеро,8803-666-65-61
Севильский цирюльник,8-(802)-944-02-86
Ночь перед Рождеством,+88031473023
Лебединое озеро,8-807-8550416
Норма,8805-365-81-94
Евгений Онегин,8-(804)-148-79-49
Аида,8-(806)-616-50-58
Спящая красавица,88056433579
Евгений Онегин,8-(802)-316-81-93
Аида,+88036774196
Кошки,+88037301529
Риголетто,88047874459
Дон Кихот,88035912715
Щелкунчик,+88066931312
Травиата,8801-334-06-05
Норма,+88046533269
Todd,8-806-7089317
Ла-Ла Ленд,88067573031
Дон Кихот,88028240632
Todd,8-804-2395834
Травиата,8-801-690-91-02
Норма,8-803-687-64-74
Норма,8-806-456-18-80
Риголетто,+88069981366
Дон Кихот,8-807-3839123
Севильский цирюльник,8807-862-27-93
Лебединое озеро,8806-416-00-86
Евгений Онегин,8-(803)-160-33-81
Норма,8802-911-96-57
Спящая красавица,8-802-3184739
Жизель,8-(803)-744-30-41
Норма,8-801-590-16-38
Лебединое озеро,88016518855
Щелкунчик,8806-180-96-60
Евгений Онегин,8807-925-33-58
Евгений Онегин,8-(806)-363-00-24
Кошки,8-807-7066631
Спящая красавица,8-(803)-190-36-53
Ла-Ла Ленд,8-(804)-374-07-44
Травиата,8807-815-44-73
Норма,8-803-6141741
Лебединое озеро,8-804-563-50-75
Лебединое озеро,+88047874459
Спящая красавица,+88027834796
Дон Кихот,8-(803)-113-74-98
Спящая красавица,+88076614952
Чикаго,8802-940-37-15
Волшебная флейта,88023384150
Ромео и Джульетта,8805-723-35-26
Дон Кихот,8-806-4314351
Спартак,+88027375759
Спартак,8-806-918-97-36
Волшебная флейта,8-(804)-905-32-59
Чикаго,8-802-3800720
Свадьба Фигаро,88046289134
Todd,8-802-8985054
Ночь перед Рождеством,8805-553-16-55
Юнона и Авось,8-(807)-661-63-61
Евгений Онегин,8-(802)-369-16-88
Севильский цирюльник,8806-456-18-80
Чикаго,88013680490
Todd,+88034511492
Риголетто,8-(802)-988-27-69
Todd,8803-374-62-01
Евгений Онегин,8-804-3580380
Спящая красавица,8-804-9852342
Юнона и Авось,88048501125
Нотр-Дам де Пари,88043740744
Спящая красавица,8806-566-60-88
Чикаго,8-805-6517647
Ромео и Джульетта,8-(803)-617-13-53
Риголетто,8-805-3177859
Спартак,8-805-923-05-93
Свадьба Фигаро,8-805-8317366
Риголетто,8-802-2176149
Травиата,8-802-4064225
Ла-Ла Ленд,8-805-9714247
Жизель,88077264086
Аида,+88021392413
Севильский цирюльник,8-805-8427709
Спартак,8803-850-55-65
Юнона и Авось,+88038997394
Дон Кихот,88031581523
Риголетто,88026373772
Чикаго,8-807-162-11-11
Ночь перед Рождеством,8804-938-58-68
Спартак,8-806-755-63-68
Кошки,8-801-646-31-82
Жизель,8806-554-75-46
Норма,+88057233526
Щелкунчик,+88046971625
Норма,8-803-7594223
Евгений Онегин,8-805-7190082
Дон Кихот,8-(804)-470-86-00
Лебединое озеро,8-803-243-18-74
Кармен,8-(807)-594-41-09
Жизель,+88038168046
Ла-Ла Ленд,8-805-8746503
Свадьба Фигаро,+88066115651
Норма,8-804-6003405
Вестсайдская история,8-803-5666052
Спартак,8-802-9590585
Ночь перед Рождеством,8806-536-25-88
Жизель,+88025541978
Лебединое озеро,+88012508732
Норма,+88023800720
Дон Кихот,8-(801)-813-94-66
Лебединое озеро,8802-527-60-61
Кошки,8-(806)-667-71-87
Лебединое озеро,8-(803)-621-76-48
Травиата,88029802999
Жизель,+88012459437
Свадьба Фигаро,8-(801)-583-57-19
Ла-Ла Ленд,8-(804)-845-31-02
Евгений Онегин,8-807-6706355
Спартак,8-802-5170582
Чикаго,8-805-8174249
Жизель,88056565971
Щелкунчик,+88015311217
Евгений Онегин,+88067089317
Ночь перед Рождеством,88066658031
Спартак,8-(806)-496-88-36
Риголетто,8807-892-34-47
Кармен,+88078300823
Нотр-Дам де Пари,8-(806)-199-89-48
Травиата,8802-592-25-58
Свадьба Фигаро,8-807-2330546
Дон Кихот,8-807-706-66-31
Ла-Ла Ленд,8-803-1603381
Todd,8807-356-69-30
Баядерка,8-802-554-19-78
Свадьба Фигаро,88025886650
Кошки,8-802-9231006
Жизель,+8806clients
Ла-Ла Ленд,8-(806)-827-16-03
Спящая красавица,88056413400
Чикаго,8-807-6026196
Норма,8-802-3274631
Ла-Ла Ленд,88071779367
Дон Кихот,8-(804)-220-59-45
Спящая красавица,8-804-8347165
Вестсайдская история,8-804-432-44-37
Травиата,8-801-5526513
Todd,8802-826-91-38
Норма,8-(806)-976-48-58
Ла-Ла Ленд,88014401005
Аида,+88012407948
Свадьба Фигаро,8-(803)-850-55-65
Кармен,88057207859
Юнона и Авось,8-801-8317867
Спящая красавица,8-(807)-418-96-39
Норма,+88047434475
Todd,8-804-470-86-00
Ночь перед Рождеством,8-801-245-94-37
Риголетто,+88037322711
Евгений Онегин,88041487949
Севильский цирюльник,88018683578
Свадьба Фигаро,8-801-8974858
Ла-Ла Ленд,8-806-837-97-98
Щелкунчик,8-807-8994876
Лебединое озеро,+88055782880
Спартак,8-(802)-746-88-16
Дон Кихот,8802-617-72-26
Евгений Онегин,8-(806)-464-91-46
Севильский цирюльник,8-801-456-53-12
Кармен,8-(801)-368-04-90
Вестсайдская история,8804-905-39-09
Дон Кихот,+88053122520
Севильский цирюльник,88039934654
Кармен,8-(806)-884-62-30
Баядерка,+88039989048
Кармен,8-801-4565312
Евгений Онегин,+88029856607
Todd,8-803-669-63-73
Норма,8805-250-01-33
Волшебная флейта,8-802-666-50-82
Ночь перед Рождеством,8-804-316-29-14
Спартак,8-806-830-76-08
Спящая красавица,+88035587061
Todd,8805-720-78-59
Спартак,8-804-893-84-83
Спартак,8806-588-13-51
Кошки,+88043060599
Дон Кихот,8-(805)-993-62-91
Юнона и Авось,8-802-9856607
Лебединое озеро,+88019559498
Ла-Ла Ленд,8802-936-70-01
Нотр-Дам де Пари,8804-253-64-12
Севильский цирюльник,8803-667-54-39
Лебединое озеро,8-802-119-77-75
Риголетто,88031649053
Todd,8-803-4755333
Свадьба Фигаро,+88016760055
Аида,88048791286
Баядерка,88013807588
Кошки,8804-874-63-61
Кармен,88017249300
Риголетто,88074862265
Кошки,8-(807)-616-65-17
Лебединое озеро,8-(802)-592-25-58
Вестсайдская история,88077439193
Кошки,8-807-427-51-60
Кошки,+88023425692
Свадьба Фигаро,8806-976-48-58
Кошки,+88031137498
Дон Кихот,88064754439
Вестсайдская история,8-805-223-28-96
Нотр-Дам де Пари,8-802-774-90-53
Волшебная флейта,8-801-915-47-62
Дон Кихот,8-802-305-78-38
Ромео и Джульетта,8-803-4907653
Спящая красавица,8-801-177-92-72
Аида,88037535139
Свадьба Фигаро,8801-627-98-56
Евгений Онегин,88068025109
Баядерка,+88077544828
Щелкунчик,88063589501
Todd,8805-733-69-06
Дон Кихот,8-804-171-46-13
Ла-Ла Ленд,+88026177226
Евгений Онегин,8-805-6587062
Кармен,8801-143-60-75
Чикаго,8-801-272-55-19
Риголетто,8-801-8073667
Нотр-Дам де Пари,8-806-1389898
Травиата,8-(802)-774-90-53
Чикаго,8803-975-94-02
Чикаго,8-803-7579247
Ночь перед Рождеством,88063165491
Спящая красавица,8-804-2536412
Спящая красавица,8803-677-41-96
Евгений Онегин,88057939265
Лебединое озеро,8-(806)-676-18-60
Чикаго,8-805-5622965
Юнона и Авось,8-(806)-830-76-08
Жизель,+88056587062
Кармен,88011383471
Чикаго,8803-608-10-05
Ночь перед Рождеством,8-803-403-21-85
Севильский цирюльник,8-(807)-924-30-48
Дон Кихот,8804-523-75-36
Ромео и Джульетта,8807-974-57-61
Баядерка,8-801-3680490
Риголетто,8807-894-97-75
Норма,+88016423077
Ромео и Джульетта,+88044360536
Ла-Ла Ленд,8-807-3566930
Норма,+88012310156
Свадьба Фигаро,8-(805)-588-09-98
Чикаго,8-804-985-23-42
Риголетто,8804-751-17-81
Юнона и Авось,+88041366046
Ромео и Джульетта,88034804446
Ночь перед Рождеством,88078509550
Риголетто,8802program
Севильский цирюльник,8-(805)-733-69-06
Кармен,+88061783613
Севильский цирюльник,88046488557
Ромео и Джульетта,88064649146
Жизель,8-804-530-61-56
Севильский цирюльник,+8803network
Ромео и Джульетта,8-804-8181812
Кошки,+88049486771
Волшебная флейта,+88074041618
Чикаго,8-(806)-757-30-31
Севильский цирюльник,8807-850-95-50
Вестсайдская история,8-803-3754740
Риголетто,88056186511
Щелкунчик,8-804-7643453
Евгений Онегин,+88023398538
Кошки,88059266391
Todd,88051657250
Спартак,8807-661-63-61
Ла-Ла Ленд,8-(807)-486-22-65
Жизель,8-(802)-998-73-87
Баядерка,+88036424431
Спартак,+88016909102
Спящая красавица,8-(803)-730-15-29
Спящая красавица,8-801-2407948
Норма,+88014565312
Дон Кихот,8-(801)-218-04-12
Аида,8802-338-41-50
Todd,8807-516-57-09
Спящая красавица,8-801-6463182
Евгений Онегин,+88069381840
Евгений Онегин,8-807-404-16-18
Спартак,8-(803)-993-46-54
Евгений Онегин,8806dollars
Лебединое озеро,+88034437508
Чикаго,8-805-871-15-78
Todd,88072384320
Норма,+88038884966
Евгений Онегин,88013214175
Щелкунчик,8-803-642-57-60
Травиата,+88067209060
Дон Кихот,8-807-3243012
Риголетто,88025922558
Баядерка,8-804-2979320
Севильский цирюльник,8805-742-52-00
Спящая красавица,8802-658-54-55
Баядерка,88021392413
Todd,8805-793-92-65
Дон Кихот,8807-244-49-86
Севильский цирюльник,8-803-977-91-27
Аида,8-(805)-245-18-29
Todd,8-805-881-17-65
Нотр-Дам де Пари,8-802-6177226
Свадьба Фигаро,+88058900594
Спартак,8-(801)-494-27-40
Нотр-Дам де Пари,8-(807)-324-30-12
Норма,+88059714247
Спящая красавица,8-(805)-784-49-18
Кошки,8-803-868-77-34
Ночь перед Рождеством,+88025742536
Спящая красавица,8-804-5237536
Вестсайдская история,8-802-643-44-32
Ла-Ла Ленд,8-(804)-556-36-44
Ночь перед Рождеством,8-(806)-665-80-31
Волшебная флейта,8-(801)-440-10-05
Нотр-Дам де Пари,88079200830
Вестсайдская история,8-802-145-02-72
Спартак,8802-168-15-06
Ромео и Джульетта,8-804-927-38-41
Риголетто,8-807-903-28-76
Баядерка,8805-362-90-91
Ромео и Джульетта,+88064810682
Норма,88068307608
Дон Кихот,8-807-4503023
Травиата,8-802-801-45-45
Норма,8-806-6637779
Аида,88033426663
Щелкунчик,88015664999
Волшебная флейта,88057844918
Жизель,8-805-630-71-19
Кошки,8-803-1517895
Дон Кихот,8806-827-16-03
Юнона и Авось,88064704155
Севильский цирюльник,88048901373
Ромео и Джульетта,88075646859
Чикаго,+88036696373
Травиата,8-807-850-95-50
Ночь перед Рождеством,8-(802)-926-45-76
Щелкунчик,8-802-2353028
Кошки,8804-681-37-18
Todd,8804-600-47-91
Свадьба Фигаро,8806-272-82-29
Волшебная флейта,88059639244
Норма,88014481574
Ла-Ла Ленд,88015835719
Кошки,8-(804)-436-05-36
Ночь перед Рождеством,8807-848-14-60
Норма,8805-842-77-09
Щелкунчик,8-(807)-314-12-82
Кошки,8805federal
Риголетто,88063369374
Ночь перед Рождеством,8-(805)-154-51-39
Todd,+88042256629
Лебединое озеро,8-(806)-611-56-51
Чикаго,8-803-759-42-23
Евгений Онегин,8806-708-93-17
Дон Кихот,8-805-588-09-98
Норма,+88025170582
Лебединое озеро,88012838551
Спящая красавица,8-(807)-850-95-50
Кошки,8-(806)-487-17-65
Лебединое озеро,+88063369374
Риголетто,+88057207859
Севильский цирюльник,8805-881-17-65
Ночь перед Рождеством,8-804-4360536
Todd,+88031787871
Свадьба Фигаро,8804-579-34-92
Волшебная флейта,8802-305-78-38
Кармен,8-(801)-448-45-72
Жизель,8-804-8162101
Ла-Ла Ленд,8-807-752-63-77
Норма,8-807-845-06-15
Спящая красавица,8804-883-88-44
Todd,8-807-8776708
Todd,8-(802)-296-00-70
Ромео и Джульетта,8-803-6876474
Нотр-Дам де Пари,88071725501
Вестсайдская история,88028014545
Спящая красавица,8806-295-42-85
Спящая красавица,8806-629-91-04
Юнона и Авось,8804-634-64-81
Вестсайдская история,+88066189717
Вестсайдская история,8-(802)-337-19-25
Севильский цирюльник,+88043841536
Вестсайдская история,8-801-954-93-59
Риголетто,8-804-139-92-94
Травиата,8804-109-63-54
Севильский цирюльник,8805-651-76-47
Севильский цирюльник,8-(806)-734-57-08
Дон Кихот,8-802-5907027
Вестсайдская история,8-807-6720144
Баядерка,+88032342375
Севильский цирюльник,8-801-8885750
Юнона и Авось,+88048901373
Севильский цирюльник,88031499076
Риголетто,8802-217-61-49
Травиата,+88012455696
Кошки,8-803-420-15-21
Риголетто,88053658194
Кармен,8804-764-34-53
Евгений Онегин,8-801-277-67-55
Вестсайдская история,8805-317-62-64
Волшебная флейта,8-806-8356866
Спартак,88023567394
Нотр-Дам де Пари,8-801-983-18-21
Ла-Ла Ленд,8-802-5774520
Todd,8-(807)-100-34-69
Травиата,8-807-5325536
Спартак,+88044904940
Todd,88029720040
Свадьба Фигаро,8-803-799-87-61
Волшебная флейта,88043918716
Волшебная флейта,88031473797
Евгений Онегин,8-806-670-40-88
Todd,8-806-721-95-94
Спящая красавица,+88072420422
Ночь перед Рождеством,+88033746201
Травиата,8-804-9486771
Ла-Ла Ленд,8-(805)-353-88-88
Кошки,8804-602-99-64
Кармен,+88053937709
Ла-Ла Ленд,8-(804)-925-85-46
Кармен,8-(804)-833-32-37
Риголетто,8-806-5113430
Ромео и Джульетта,8806-840-07-17
Жизель,8-(802)-704-08-59
Жизель,+88014069274
Евгений Онегин,+88035912715
Вестсайдская история,8801academy
Риголетто,88048746361
Севильский цирюльник,88042256629
Риголетто,8-803-1908759
Волшебная флейта,8-801-813-94-66
Юнона и Авось,8806-715-02-51
Норма,8-804-239-58-34
Лебединое озеро,8-806-802-51-09
Ночь перед Рождеством,8802-926-45-76
Дон Кихот,8-807-9253358
Нотр-Дам де Пари,+88055159321
Риголетто,88037594223
Баядерка,88056426071
Севильский цирюльник,8-(804)-518-20-83
Жизель,8-(804)-613-27-22
Кошки,8-803-7535139
Евгений Онегин,8-(804)-168-12-94
Лебединое озеро,8-801-1779272
Спящая красавица,8807-743-91-93
Todd,8-807-1166287
Аида,88037465314
Аида,88057507834
Евгений Онегин,8806-571-24-20
Жизель,8-806-3001855
Жизель,8-805-7724642
Норма,8-(801)-381-84-56
Севильский цирюльник,+88078840080
Спартак,8-(802)-338-41-50
Баядерка,88043431208
Спящая красавица,8805-831-73-66
Нотр-Дам де Пари,88077592215
Спартак,8-(803)-269-39-90
Ночь перед Рождеством,8802-758-41-17
Ночь перед Рождеством,8-806-tickets
Травиата,+88038687734
Todd,8-801-903-71-83
Спартак,8-805-842-77-09
Норма,+88034935033
Севильский цирюльник,8-(805)-223-28-96
Евгений Онегин,8805-917-20-03
Ночь перед Рождеством,8804-189-02-56
Травиата,8-801-3350176
Кармен,8806-431-43-51
Кошки,+88062742242
Чикаго,88059882542
Баядерка,8-806-6931312
Спартак,8806-481-06-82
Спящая красавица,8801-147-17-85
Кошки,+88027186304
Кармен,+88018073667
Кармен,8-806-233-61-03
Дон Кихот,8-801-5835719
Ночь перед Рождеством,+88077257994
Юнона и Авось,8-801-589-88-13
Дон Кихот,+88056060826
Кармен,8801-726-65-73
Риголетто,8-(806)-174-97-14
Дон Кихот,8-(806)-314-36-09
Травиата,8807-855-04-16
Лебединое озеро,88067209060
Севильский цирюльник,8-807-2444986
Спартак,+88041096354
Лебединое озеро,8804-490-49-40
Норма,8-(806)-216-56-55
Спартак,88016613450
Лебединое озеро,88037755611
Ромео и Джульетта,88016187137
Кармен,8804-160-09-44
Юнона и Авось,8-803-451-14-92
Todd,+88054589225
Щелкунчик,88036269605
Спящая красавица,88029231006
Щелкунчик,8803-480-44-46
Ла-Ла Ленд,8-806-588-13-51
Норма,8801-448-45-72
Спартак,+88078028903
Спящая красавица,88065120718
Todd,88066781404
Кошки,8-807-233-05-46
Травиата,88033105271
Ла-Ла Ленд,88064871765
Риголетто,8-(802)-429-07-11
Нотр-Дам де Пари,88058394928
Евгений Онегин,8-805-4368922
Ромео и Джульетта,8-(801)-632-98-04
Вестсайдская история,8801-105-96-58
Севильский цирюльник,88033407931
Дон Кихот,8-807-8663078
Евгений Онегин,+88035087059
Риголетто,+88052193456
Дон Кихот,8-803-209-09-18
Чикаго,8-(803)-183-50-78
Спартак,8-803-342-66-63
Дон Кихот,8-804-5563644
Травиата,8803-151-78-95
Нотр-Дам де Пари,8-(805)-562-29-65
Ночь перед Рождеством,8-(801)-320-80-23
Дон Кихот,8805-993-62-91
Вестсайдская история,8804-961-04-77
Ромео и Джульетта,8-806-835-50-89
Щелкунчик,88074503023
Евгений Онегин,+88067302724
Баядерка,8-802-7713856
Евгений Онегин,88067089317
Травиата,8801-292-03-89
Щелкунчик,8-804-808-39-25
Кармен,8-805-3991107
Свадьба Фигаро,88074275160
Лебединое озеро,88014565312
Дон Кихот,+88045635075
Аида,+88068030025
Аида,+88053345632
Евгений Онегин,8807-670-63-55
Ночь перед Рождеством,88029403715
Todd,8807-752-63-77
Жизель,8-801-5279690
Вестсайдская история,8-802-3769296
Баядерка,8-801-245-56-96
Ла-Ла Ленд,8-803-6389675
Кошки,8805-388-06-23
Todd,8-(803)-510-61-08
Риголетто,8805-419-70-48
Ла-Ла Ленд,8803-174-64-97
Кармен,+88014484572
Спящая красавица,8-801-202-43-33
Юнона и Авось,8-(803)-151-78-95
Спартак,8-(801)-119-46-47
Норма,8-801-7123639
Кошки,8804-759-16-72
Кошки,8-802-6373772
Жизель,8-(804)-295-68-60
Ла-Ла Ленд,8806-730-02-24
Спящая красавица,8804-495-79-53
Юнона и Авось,8-803-384-72-07
Жизель,8804-697-16-25
Травиата,8-804-862-15-60
Травиата,8-803-5106108
Севильский цирюльник,8-803-3426663
Кармен,+88012920389
Дон Кихот,88031205379
Аида,88078994876
Todd,8-802-406-73-60
Todd,+88036141741
Ла-Ла Ленд,8-802-1450272
Ночь перед Рождеством,8-807-5646859
Травиата,8806-314-36-09
Ночь перед Рождеством,+88066781404
Ночь перед Рождеством,+88015882916
Севильский цирюльник,8807-616-65-17
Ла-Ла Ленд,8-805-7207859
Ромео и Джульетта,8-(802)-139-58-51
Травиата,88024151349
Спящая красавица,8-804-7036120
Аида,88018974858
Todd,8804-905-32-59
Щелкунчик,8-802-7584117
Ночь перед Рождеством,88036213214
Баядерка,8-801-897-48-58
Риголетто,8-802-1681506
Ла-Ла Ленд,8-(803)-666-65-61
Травиата,8-(805)-627-57-24
Нотр-Дам де Пари,88028269138
Чикаго,8-804-4708600
Ночь перед Рождеством,8-(805)-514-58-02
Todd,88023155900
Кармен,8-807-564-68-59
Кармен,8803-420-15-21
Риголетто,8-(802)-139-24-13
Жизель,+88037026140
Лебединое озеро,+88027312576
Лебединое озеро,8804-789-35-92
Нотр-Дам де Пари,88037301529
Баядерка,88044958230
Волшебная флейта,8-804-879-12-86
Дон Кихот,88012602631
Юнона и Авось,8-803-667-37-18
Дон Кихот,88021883090
Кармен,8-806-318-50-56
Лебединое озеро,8-(806)-918-97-36
Риголетто,8805-170-54-78
Спящая красавица,+88069189736
Ромео и Джульетта,8-806-678-14-04
Спартак,8-806-6761860
Риголетто,+88016041977
Ла-Ла Ленд,8-805-379-30-73
Спящая красавица,8-(801)-589-88-13
Дон Кихот,8-801-2857065
Дон Кихот,8-804-2477678
Спящая красавица,8-802-5742536
Todd,8804-613-27-22
Нотр-Дам де Пари,88063001855
Севильский цирюльник,88078481460
Todd,8-807-7843040
Жизель,+88026665082
Спящая красавица,8-807-1940930
Жизель,8-803-181-23-41
Жизель,8-(801)-684-64-66
Риголетто,8-(803)-775-56-11
Вестсайдская история,8-(802)-872-41-08
Лебединое озеро,8804-890-13-73
Свадьба Фигаро,8-805-9314645
Жизель,8-804-720-03-76
Лебединое озеро,8-804-3414541
Чикаго,8-807-7509739
Кошки,8-803-642-44-31
Кошки,8-802-653-32-64
Дон Кихот,8-(802)-528-52-22
Евгений Онегин,8-806-6677187
Todd,8802-139-58-51
Лебединое озеро,+88074275160
Спящая красавица,88077143517
Лебединое озеро,+88049273841
Баядерка,8803-526-18-03
Ночь перед Рождеством,8-803-1813219
Норма,88011784398
Травиата,8-801-604-19-77
Нотр-Дам де Пари,+88029467875
Чикаго,8-(806)-295-42-85
Травиата,+88042395834
Ла-Ла Ленд,88037322711
Лебединое озеро,8802-247-18-39
Лебединое озеро,+88047200376
Ла-Ла Ленд,+88027299132
Ла-Ла Ленд,88052747626
Лебединое озеро,8801-175-67-85
Ла-Ла Ленд,+88062336103
Аида,8-802-5886650
Лебединое озеро,8-806-8623904
Дон Кихот,+88074889186
Севильский цирюльник,88027627244
Лебединое озеро,8806-235-01-22
Кошки,8-803-613-47-92
Севильский цирюльник,8-802-974-73-37
Свадьба Фигаро,8-801-2002223
Щелкунчик,8-(806)-274-22-42
Евгений Онегин,8-807-630-19-58
Риголетто,8-805-federal
Лебединое озеро,88014525514
Todd,88027584117
Кошки,8805-184-59-26
Кармен,88056996344
Спартак,88062487877
Ла-Ла Ленд,8-804-981-17-20
Дон Кихот,+88055071755
Нотр-Дам де Пари,88069189736
Дон Кихот,+88015184570
Ромео и Джульетта,8-(806)-678-14-04
Ночь перед Рождеством,8-807-484-66-75
Кошки,+88017981182
Жизель,8803-867-54-99
Чикаго,88024620123
Ла-Ла Ленд,8807-527-36-34
Лебединое озеро,8805-274-76-26
Свадьба Фигаро,+88047087932
Чикаго,8805-963-92-44
Чикаго,8-(804)-977-27-12
Юнона и Авось,8805-606-08-26
Риголетто,8-804-816-21-01
Риголетто,8-807-4275160
Волшебная флейта,8-806-7219594
Ла-Ла Ленд,88049273841
Todd,8-803-325-23-19
Ла-Ла Ленд,8-804-1600944
Травиата,88055782880
Кошки,8-(807)-985-27-49
Свадьба Фигаро,88029882769
Ла-Ла Ленд,8806-512-07-18
Кошки,8-807-830-43-66
Todd,8-805-2747626
Дон Кихот,+88056413400
Евгений Онегин,88046312323
Щелкунчик,8-(807)-242-04-22
Норма,8-807-4041618
Todd,8801-531-12-17
Норма,88048181812
Баядерка,8-(802)-421-22-30
Аида,88015777227
Ночь перед Рождеством,8-806-2373565
Баядерка,88024356933
Кошки,88011496421
Вестсайдская история,8-801-6423077
Ла-Ла Ленд,+88064160086
Кошки,8-(805)-507-17-55
Ночь перед Рождеством,8-806-9189736
Ла-Ла Ленд,8801-682-95-13
Лебединое озеро,8-801-719-23-33
Ла-Ла Ленд,88075165709
Нотр-Дам де Пари,88054594719
Волшебная флейта,8-801-787-99-13
Норма,8806-824-84-96
Аида,8-806-9488895
Жизель,8-806-363-00-24
Ночь перед Рождеством,8-(802)-796-72-34
Чикаго,8-(807)-450-30-23
Евгений Онегин,8803-591-27-15
Баядерка,8-801-2920389
Спартак,+88071100334
Баядерка,+88032001914
Спартак,+88023691688
Евгений Онегин,8-805-971-42-47
Спартак,8-807-450-30-23
Спартак,8-805-723-35-26
Ла-Ла Ленд,8805-641-34-00
Лебединое озеро,8-803-147-30-23
Норма,8807-825-24-61
Кошки,8-801-7192333
Todd,8-804-734-94-39
Норма,8803-537-15-82
Ночь перед Рождеством,88061749714
Севильский цирюльник,8803-694-19-96
Риголетто,88066666299
Севильский цирюльник,8806-859-59-43
Чикаго,8803-746-68-01
Ромео и Джульетта,8-(801)-690-91-02
Баядерка,88022709997
Волшебная флейта,8802-145-02-72
Вестсайдская история,8-805-5318282
Баядерка,88016171768
Норма,+88059172003
Волшебная флейта,8-803-988-33-53
Спартак,8802-751-70-01
Чикаго,+88057047816
Волшебная флейта,8802-643-44-32
Кармен,8-803-7820759
Аида,88066317854
Дон Кихот,88062703378
Кармен,8-(801)-888-57-50
Травиата,8-807-3141282
Кошки,8-807-9703549
Щелкунчик,+88021941479
Спартак,8-804-4685928
Волшебная флейта,8-807-242-04-22
Евгений Онегин,8-806-8271603
Лебединое озеро,88077098571
Кошки,88023769296
Кармен,88028819989
Todd,8-(805)-309-43-18
Спартак,8801-283-85-51
Дон Кихот,8-803-837-52-49
Чикаго,88035360227
Щелкунчик,8-806-720-90-60
Ла-Ла Ленд,+88035261803
Риголетто,8-803-495-63-01
Спящая красавица,88059049992
Травиата,+88078622793
Кошки,+88053629091
Риголетто,8-802-270-99-97
Норма,8-807-3680529
Нотр-Дам де Пари,8-802-5477183
Лебединое озеро,88064082087
Todd,+88033252319
Ромео и Джульетта,8-806-408-20-87
Дон Кихот,8-(807)-866-30-78
Севильский цирюльник,8-807-100-34-69
Свадьба Фигаро,88017879913
Todd,8806-611-56-51
Спартак,88029451518
Севильский цирюльник,88023371925
Лебединое озеро,8807-102-30-55
Свадьба Фигаро,8-803-4511492
Чикаго,8-803-899-73-94
Дон Кихот,8-807-4969030
Нотр-Дам де Пари,88068356866
Евгений Онегин,8-806-730-27-24
Кошки,+88056426071
Кармен,8-805-651-76-47
Кошки,+88037755611
Баядерка,88057233526
Севильский цирюльник,8-(803)-190-87-59
Риголетто,8-(806)-715-02-51
Щелкунчик,88077843040
Евгений Онегин,8802-309-45-35
Аида,8-(802)-138-49-57
Риголетто,8-(805)-817-42-49
Лебединое озеро,8-(802)-415-93-62
Лебединое озеро,88045182083
Чикаго,+88034032185
Ла-Ла Ленд,88027834796
Ла-Ла Ленд,+88025922558
Волшебная флейта,8806-405-49-06
Щелкунчик,8-(807)-955-64-23
Норма,8-803-2099900
Дон Кихот,+88073243012
Дон Кихот,8-806-665-80-31
Севильский цирюльник,8-803-9779127
Дон Кихот,8-(804)-653-32-69
Спящая красавица,88037424380
Евгений Онегин,88047893592
Спартак,88047643453
Кармен,8-(804)-959-20-22
Норма,+88076397715
Кошки,8-802-517-05-82
Риголетто,8-(807)-925-45-30
Спящая красавица,88053089374
Кармен,8-(805)-250-01-33
Аида,8-802-872-41-08
Кармен,+88057022644
Кармен,88067562861
Баядерка,8-801-5311217
Вестсайдская история,+88025270813
Todd,8-805-170-54-78
Дон Кихот,8-806-5666088
Ночь перед Рождеством,8802-923-10-06
Лебединое озеро,+88032081729
Лебединое озеро,88076924316
Лебединое озеро,8802-342-56-92
Севильский цирюльник,8-802-824-06-32
Todd,8-805-358-64-23
Евгений Онегин,8-(803)-753-51-39
Волшебная флейта,8801-361-63-27
Todd,+88053647207
Волшебная флейта,8-804-9327667
Кармен,+88062350122
Щелкунчик,+88033274998
Чикаго,8-(804)-628-91-34
Ла-Ла Ленд,88073464351
Кармен,8-804-787-44-59
Todd,88073198147
Баядерка,+88017251342
Todd,8-807-274-32-99
Лебединое озеро,8-804-215-82-16
Дон Кихот,8-(804)-648-85-57
Ла-Ла Ленд,8-802-380-07-20
Спартак,8-807-7264086
Евгений Онегин,8-(806)-947-63-84
Вестсайдская история,8-(807)-879-53-22
Чикаго,8-807-8509550
Ла-Ла Ленд,8-(804)-667-16-12
Вестсайдская история,8-806-248-78-77
Щелкунчик,88013398654
Todd,8-801-1312166
Ночь перед Рождеством,8-807-9200830
Аида,8-805-7022644
Евгений Онегин,8-(803)-157-38-56
Щелкунчик,8-(806)-235-01-22
Спящая красавица,+88026767549
Дон Кихот,8801-897-48-58
Спартак,88068698291
Дон Кихот,+88073008271
Севильский цирюльник,88016279856
Кошки,8-(805)-618-65-11
Ла-Ла Ленд,8-(806)-690-57-11
Ночь перед Рождеством,8806-718-63-69
Аида,+88069006552
Аида,+88069764858
Лебединое озеро,+8801library
Вестсайдская история,8-806-4093250
Спящая красавица,+88052910166
Нотр-Дам де Пари,8-(806)-121-58-83
Спартак,8801-177-92-72
Евгений Онегин,8-802-528-52-22
Дон Кихот,8-806-5547546
Жизель,+88044445792
Todd,88034907653
Todd,8-803-1787871
Кошки,8-(802)-200-63-69
Кошки,+88013807588
Свадьба Фигаро,+88027517001
Ночь перед Рождеством,+88044836285
Спартак,8-(803)-178-78-71
Севильский цирюльник,8-801-5898813
Нотр-Дам де Пари,8803-178-78-71
Норма,8-804-719-28-35
Чикаго,+88076616361
Волшебная флейта,8-802-9367001
Todd,88055324330
Евгений Онегин,+88076706355
Кошки,88041890256
Todd,8-802-339-85-38
Кармен,8-(805)-956-19-10
Ла-Ла Ленд,8-803-366-27-20
Щелкунчик,8-(807)-884-00-80
Спартак,8806-233-61-03
Ромео и Джульетта,8803-243-18-74
Спящая красавица,88036675439
Травиата,8802-737-57-59
Ночь перед Рождеством,8802-578-06-78
Лебединое озеро,8806-734-57-08
Баядерка,8-804-959-20-22
Кармен,88052726081
Щелкунчик,8804-444-57-92
Ромео и Джульетта,+88075158141
Кармен,8805-642-18-91
Баядерка,8-802-618-97-14
Кармен,+88034956301
Вестсайдская история,+88078994876
Спартак,+88011779272